battery_kwh,controller,season,days,ch4_kg_per_day,lcom,curtail_frac,night_share,efc_per_day,soc_min,soc_max,limiting,bus_trips,bus_interventions,shed_kwh,unserved_kwh,utilisation,capex_eur,operating_margin_eur,wall_s,planned_eur,realised_eur,plan_bias,windows,divergence_rms,duty_contactor,duty_night_contactor,starts_contactor,uptime_h_contactor,offdraw_kW_contactor,idle_kWh_contactor,duty_calciner,duty_night_calciner,starts_calciner,uptime_h_calciner,offdraw_kW_calciner,idle_kWh_calciner,duty_electrolyser,duty_night_electrolyser,starts_electrolyser,uptime_h_electrolyser,offdraw_kW_electrolyser,idle_kWh_electrolyser,duty_sabatier,duty_night_sabatier,starts_sabatier,uptime_h_sabatier,offdraw_kW_sabatier,idle_kWh_sabatier,kiln_hot_h,kiln_T_max,nmpc_used,nmpc_failed,nmpc_iterations,nmpc_solve_time_s,nmpc_predicted_shed_kWh,edit_mean,edit_max,bind_bus_balance,bind_band_ceiling,bind_rate_limit,bind_state_box,bind_battery.soc.lo,bind_battery.soc.hi,bind_solids.n_cao.lo,bind_solids.n_cao.hi,bind_solids.n_caco3.lo,bind_solids.n_caco3.hi,bind_calciner.temperature_K.lo,bind_calciner.temperature_K.hi,bind_electrolyser.temperature_K.lo,bind_electrolyser.temperature_K.hi,bind_gas.n_h2.lo,bind_gas.n_h2.hi,bind_gas.n_co2.lo,bind_gas.n_co2.hi,bind_water.mass_kg.lo,bind_water.mass_kg.hi,bind_sabatier.temperature_K.lo,bind_sabatier.temperature_K.hi,cf_bus_deficit_W,cf_bus_deficit_W_frac
100.0,dispatch,winter,7.0,47.46072103282352,13.306635787656093,0.2999565560835173,0.0,0.1774347423630093,0.16365787620880526,0.9499986810556474,reactor capacity,5427,8038,4096.012489550427,0.030055906563799164,0.2208298251742679,1974903.2459634205,1816.5056988764973,328.59597409982234,3713.9350108250364,400.51738431145105,-0.8921582140925838,55,0.12416960063239561,0.4322420634920635,0.10737581535373808,1.4285714285714286,7.261666666666666,8.244614546626394e-10,6.459999987396807,0.45396825396825397,0.13045659809332663,1.5714285714285714,6.933333333333334,6.183460909969796e-09,65.34999987761816,0.3713293650793651,0.0,1.4285714285714286,6.238333333333333,3.091730454984898e-08,164.24999966145555,0.37589285714285714,0.0,1.1428571428571428,7.89375,6.801807000966775e-08,20.62965063967092,27.766666666666666,1243.9871539629946,,,,,,,,,,,,,,,,,,,,,,,,,,,,,,,
100.0,dispatch,spring,7.0,67.4959083583037,9.369278470756532,0.4155005371335127,0.0001464120659603019,0.2714956653620994,0.3496485803839792,0.9078520897506429,reactor capacity,4508,6978,4371.455924175183,4.597443660986755e-06,0.3165517514028753,1974903.2459634205,2581.948457548217,262.7388109001331,3831.3240198021335,1678.4747941761143,-0.5619073757528871,55,0.1339545140686308,0.4895833333333333,0.0,1.0,11.75,8.244614546626394e-10,3.259999993625745,0.5403769841269841,0.06548788474132286,1.0,12.969047619047618,6.183460909969796e-09,90.00030292107859,0.44742063492063494,0.0,1.0,10.738095238095239,3.091730454984898e-08,86.74999982119493,0.5058531746031746,0.0013097576948264572,1.2857142857142858,9.442592592592593,6.801807000966775e-08,82.4557341443746,45.1,1237.0739434248621,,,,,,,,,,,,,,,,,,,,,,,,,,,,,,,
100.0,dispatch,summer,7.0,79.35994845656462,7.955618272662223,0.3917458685044487,0.0,0.08425812659074353,0.4094767053867993,0.9495803275798419,reactor capacity,4336,6699,4752.247561411583,4.981198785983072e-06,0.3344600727677788,1974903.2459634205,3045.902302669602,270.6642204001546,4653.684450506214,2061.1140533715966,-0.5571005994728768,55,0.1342485771209725,0.5353174603174603,0.0,1.0,12.847619047619048,8.244614546626394e-10,3.4066666600905613,0.5528769841269842,0.0,1.0,13.26904761904762,6.183460909969796e-09,83.0547819644429,0.5091269841269841,0.0,1.0,12.219047619047618,3.091730454984898e-08,179.49999963002298,0.5532738095238096,0.0,1.0,13.278571428571428,6.801807000966775e-08,28.324536794858687,51.233333333333334,1212.355500785993,,,,,,,,,,,,,,,,,,,,,,,,,,,,,,,
100.0,dispatch,autumn,7.0,58.96299983617295,10.714380477857818,0.375266649563123,2.506243816964068e-05,0.17770057018581856,0.40652091170453164,0.9489251403467593,reactor capacity,4785,7391,4085.2237901319504,3.498933337080719e-06,0.2812226324995139,1974903.2459634205,2257.89578507058,220.36053480021656,4142.209574819521,799.6418629800104,-0.8069528234783119,55,0.1355012895591082,0.4125,0.0,1.2857142857142858,7.699999999999999,8.244614546626394e-10,3.8399999923937735,0.5133928571428571,0.13894504686638487,1.7142857142857142,7.1875,6.183460909969796e-09,104.8747285940413,0.4399801587301587,0.006432641058628928,1.7142857142857142,6.159722222222222,3.091730454984898e-08,173.7499996418746,0.4390873015873016,0.007535379525822459,1.0,10.538095238095238,6.801807000966775e-08,19.695157651565776,37.3,1254.7867695879675,,,,,,,,,,,,,,,,,,,,,,,,,,,,,,,
100.0,dispatch-nmpc,winter,7.0,52.482570339170444,12.075046179936631,0.2975936785024235,0.11456200580904188,0.5815919625252715,0.09998763958009295,0.9445184160442858,solar,4310,5956,2242.244736913271,0.07487168657037833,0.22227150002266874,1974903.2459634205,1993.998782592239,724.8840042999946,1836.197037744731,-2064.3985729694027,-2.124279437627759,55,0.07133010229218598,0.46517857142857144,0.15771868205385517,4.0,2.7910714285714286,8.244614546626394e-10,3.4533333267361965,0.48075396825396827,0.22729553437029604,5.571428571428571,2.070940170940171,6.183460909969796e-09,66.28261784125799,0.38720238095238096,0.028432848302391706,2.0,4.646428571428571,3.091730454984898e-08,183.74999962126304,0.47371031746031744,0.15972570663990635,4.0,2.8422619047619047,6.801807000966775e-08,26.632605982688762,31.316666666666666,1257.0381971093902,1.0,0.0,22.8125,0.37497489998950473,1.2637834683635806e-09,0.22111784542213545,1.136480514768146,10.756313147989331,70.60990299785988,19.88408581342363,0.01087964894119933,0.0007071675898845972,0.0002728908203254083,0.00014705189112764017,0.00037885783386646293,0.00037885783387181754,0.00014705189112193193,0.00025471066905573004,0.0008206738981273696,0.0008707190128497065,0.0015397527540901286,0.00015134063265833552,0.0019047780703395469,0.0008224538311396138,0.0010971009136474066,0.00018773437096543855,0.0002429277461830706,0.0006756327337369539,0.0002799464482081721,33013.95666021272,1.0
100.0,dispatch-nmpc,spring,7.0,83.89570830645937,7.5590414081094695,0.39563499439944194,0.15085153555959274,0.6028718523455697,0.09999972217459852,0.9187165605705397,H2 buffer full,2897,4636,1503.1274627985517,0.008956268210529049,0.3277749206633857,1974903.2459634205,3200.399551467751,551.1522987000644,3148.936148700264,-706.8527112655639,-1.2244734976786749,55,0.08807004270305181,0.47232142857142856,0.0021829294913774284,1.2857142857142858,8.816666666666666,8.244614546626394e-10,0.6733333319824076,0.5749007936507936,0.1899148657498363,7.857142857142857,1.7560606060606059,6.183460909969796e-09,99.22097938730776,0.5196428571428572,0.03470857891290111,1.7142857142857142,7.2749999999999995,3.091730454984898e-08,157.74999967485303,0.645436507936508,0.30233573455577384,3.857142857142857,4.01604938271605,6.801807000966775e-08,0.26666666611702566,53.38333333333333,1238.47966310131,0.9995039682539683,0.000496031746031746,23.73313492063492,0.32130254622519255,1.4821829021874812e-09,0.13006159009974305,0.9326487567259218,6.548653707928587,23.904191048303193,23.849101590004796,0.013977049377525343,0.0006876685426931109,0.00021514232077332395,0.00017698084479950943,0.0004243447238793509,0.0004243447238793484,0.00017698084479950995,0.00026360779968169436,0.0009268205041077169,0.0007171025889211852,0.0022112271113728173,0.00015563443036814843,0.0044992082758534705,0.0003059439581442356,0.0013289772795002897,0.00027293913624252804,0.0002509261708165148,0.0005765590125851686,0.00036264110910742066,27245.336526735882,1.0
100.0,dispatch-nmpc,summer,7.0,90.74024258000368,6.992412363463539,0.37155046849960255,0.1366652845126682,0.6542310051993886,0.0999843997830917,0.9467844719941664,solar,2330,4453,2047.991383443907,3.179177980158373e-06,0.3457954980177108,1974903.2459634205,3461.544015856406,580.2944351001643,3349.637450290988,-326.15884326982297,-1.0973713866381238,55,0.09179162782145543,0.5101190476190476,0.04017180394138454,1.5714285714285714,7.790909090909091,8.244614546626394e-10,1.2266666686628034,0.6181547619047619,0.26427488630621526,9.0,1.6484126984126983,6.183460909969796e-09,116.09418366676599,0.5472222222222223,0.046235472460838804,2.2857142857142856,5.745833333333334,3.091730454984898e-08,197.24999959343748,0.7070436507936508,0.3658413340070743,2.857142857142857,5.939166666666667,6.801807000966775e-08,72.23417491464465,51.71666666666667,1238.186855189711,1.0,0.0,23.89980158730159,0.32332156875285334,1.5635010249095792e-09,0.111603179235636,0.7372043760881515,5.644898484753479,79.54436080950674,26.865859939430194,0.01446791025630769,0.0006875989451165621,0.000348644859396684,0.00021145698050080094,0.0005031539185985667,0.0005031539186076657,0.0002114569804892105,0.00030617786608041396,0.001039324022813839,0.0007955061912870453,0.002459650595308878,0.00019385782489908139,0.0042527216414850015,0.0003551395574099284,0.0010063561653590961,0.0003208701553225334,0.00029087712737529725,0.0005601083176792862,0.00042185518857780117,25765.856349579135,1.0
100.0,dispatch-nmpc,autumn,7.0,69.22124686461298,9.164867458063904,0.3623330000607362,0.13469778462852572,0.6667659191108717,0.10109460840354068,0.9471213528872522,solar,4358,5927,1916.352956755702,0.013113594928634191,0.28766807702907987,1974903.2459634205,2633.701942659902,541.808311200235,2397.472034821428,-3549.50388521826,-2.480519411139926,55,0.07797204992031932,0.4054563492063492,0.0090056974820805,1.5714285714285714,6.1924242424242415,8.244614546626394e-10,0.39333333254572656,0.4842261904761905,0.11431722109906267,12.857142857142858,0.9038888888888889,6.183460909969796e-09,86.07228373178683,0.439484126984127,0.04447711817680573,3.2857142857142856,3.2101449275362315,3.091730454984898e-08,131.99999972792776,0.593452380952381,0.26723028854989894,4.857142857142857,2.932352941176471,6.801807000966775e-08,16.95153515983668,45.55,1231.4887960721321,0.9920634920634921,0.007936507936507936,24.860119047619047,0.3235238593155777,1.3869238306401242e-09,0.19681921550202153,1.0738206283423752,10.24933926889839,42.21759608621301,24.851374037486178,0.01255152229240747,0.0007119219143826336,0.0002900831565830823,0.0001614389509252862,0.00039812466699958206,0.0003981246667453801,0.00016143895121360202,0.00025644186679129905,0.0008235543740987265,0.0006697774827657631,0.001971894257370999,0.00014128106047022886,0.004005516150295847,0.0002998174390135592,0.0009337811983296104,0.00023226187049438409,0.0002427296094514494,0.0005208750928666541,0.0003324595836093833,32245.28494917364,1.0
250.0,dispatch,winter,7.0,53.223989725497056,12.259859104787903,0.2867891741243393,0.16716147937764128,0.35135262107414195,0.20356226766598717,0.9499986819830404,reactor capacity,5157,7659,4019.2629421339784,0.016102948760129493,0.22455824797854312,2012403.2459634205,2010.5634099279102,394.32098540011793,3464.4397541640274,993.9674467020653,-0.7130943190721148,55,0.09445496269717689,0.4005952380952381,0.09081786251881585,1.5714285714285714,6.118181818181818,8.244614546626394e-10,3.7199999930708194,0.45267857142857143,0.1257735407258739,1.5714285714285714,6.913636363636363,6.183460909969796e-09,69.34547864517457,0.4282738095238095,0.0960026760327814,1.1428571428571428,8.99375,3.091730454984898e-08,274.9999994331827,0.46279761904761907,0.13764843619334338,1.2857142857142858,8.63888888888889,6.801807000966775e-08,206.2030366332178,28.583333333333332,1247.533508893271,,,,,,,,,,,,,,,,,,,,,,,,,,,,,,,
250.0,dispatch,spring,7.0,81.77675687867772,7.976349886875358,0.39987417623702054,0.16502841861965015,0.3132525607790468,0.12896597875143734,0.8683244541798425,reactor capacity,4003,6873,5090.877469674436,2.498011081009584e-06,0.32487208635182324,2012403.2459634205,3111.4874248779925,250.32975410018116,4006.06627337117,2286.058564335042,-0.42935078744683713,55,0.10421889746227543,0.5210317460317461,0.09648548351888234,1.2857142857142858,9.725925925925926,8.244614546626394e-10,2.6266666614332337,0.5552579365079365,0.08316961362148002,1.1428571428571428,11.660416666666666,6.183460909969796e-09,95.81386954082986,0.5037698412698413,0.07771228989303645,1.0,12.090476190476192,3.091730454984898e-08,218.24999955015332,0.6233134920634921,0.23051735428945644,1.2857142857142858,11.635185185185186,6.801807000966775e-08,112.7862556106754,50.05,1240.8611151728144,,,,,,,,,,,,,,,,,,,,,,,,,,,,,,,
250.0,dispatch,summer,7.0,91.65073127169794,7.117308406497109,0.37738071601255596,0.11911934576966725,0.3137754146186044,0.20116343438026957,0.9051442814506442,reactor capacity,3393,6329,4891.884457140891,7.0589763950920315e-06,0.3423462171672139,2012403.2459634205,3491.458544000118,254.70148409996182,4764.228008285923,2301.352791225666,-0.5169515843441658,55,0.09818240122756333,0.5564484126984127,0.13340070742799393,1.1428571428571428,11.685416666666667,8.244614546626394e-10,3.0733333273497907,0.6336309523809524,0.1786255684689237,1.4285714285714286,10.645,6.183460909969796e-09,97.6023026325608,0.5467261904761904,0.04749873673572511,1.1428571428571428,11.48125,3.091730454984898e-08,222.2499995419087,0.6505952380952381,0.2281455280444669,1.4285714285714286,10.93,6.801807000966775e-08,2.1210023960163973,53.81666666666667,1231.2731041626255,,,,,,,,,,,,,,,,,,,,,,,,,,,,,,,
250.0,dispatch,autumn,7.0,72.5264276418491,9.004761209413882,0.3482528608491216,0.12120096367133762,0.37741542632204966,0.1910378552372699,0.8860578656122652,reactor capacity,4792,6973,4195.200149612611,1.0345348235205166e-06,0.29279801347551276,2012403.2459634205,2749.7500887207425,307.5297509999946,4899.153439618872,1448.2020594558755,-0.7043974888101203,55,0.11268136097792751,0.4342261904761905,0.053850395147950744,1.4285714285714286,7.295,8.244614546626394e-10,4.339999991110229,0.49484126984126986,0.10347362617165962,2.0,5.938095238095238,6.183460909969796e-09,67.14999986159351,0.48700396825396824,0.11450101084359493,1.8571428571428572,6.293589743589743,3.091730454984898e-08,275.4999994321522,0.5310515873015873,0.16118360595478773,1.2857142857142858,9.912962962962963,6.801807000966775e-08,36.10299140261758,41.28333333333333,1249.1368637684513,,,,,,,,,,,,,,,,,,,,,,,,,,,,,,,
250.0,dispatch-nmpc,winter,7.0,56.18177719941637,11.680974589139916,0.26870584868551073,0.33435990055629083,0.6273817504959969,0.09997993258197901,0.918120985557886,solar,1949,3911,2099.9538411562603,0.017305064747704053,0.23042309013612233,2012403.2459634205,2097.0341829243357,743.8475291999057,1889.6611578788143,-680.3123265137353,-1.3600181565235754,51,0.06762647616593766,0.4746031746031746,0.18732229469811004,2.0,5.695238095238095,8.244614546626394e-10,3.859999992887566,0.7174603174603175,0.601605619668841,4.142857142857143,4.1563218390804595,6.183460909969796e-09,167.10213277035785,0.4232142857142857,0.08462953671182472,2.142857142857143,4.739999999999999,3.091730454984898e-08,232.4999995207819,0.5985119047619047,0.4141160729218933,2.7142857142857144,5.292105263157895,6.801807000966775e-08,285.8457164942059,28.483333333333334,1265.541928765668,0.9995039682539683,0.000496031746031746,24.3234126984127,0.3132831707337154,1.4113180000348469e-09,0.034465651887602,0.8543642813636367,0.9294582761812124,271.2370764781384,15.911503844711087,0.013316414158203841,0.0006408916254118251,0.00042184454428553114,0.00016166773490445372,0.0004603237845684241,0.0004603237845684402,0.0001616677349036976,0.0002604970933827421,0.0011244604662056662,0.001040823682626102,0.0017039350693185966,0.0001800726350036063,0.003004118547637558,0.0010397323474556526,0.0009834034841913432,0.00021162215904790255,0.00026978987963270683,0.0008024949646390637,0.0003887446204205274,23624.882178621196,1.0
250.0,dispatch-nmpc,spring,7.0,101.21727650526903,6.480826668690309,0.36518079819968136,0.2852599206394361,0.5853974034397318,0.09998799672891853,0.910015008130267,solar,1636,3420,1763.8635580119535,2.008342896525998e-07,0.3440697760623614,2012403.2459634205,3833.0396309988855,588.7158411000855,3700.343652657879,1161.689035893617,-0.6860591488417027,55,0.05901823892790818,0.4479166666666667,0.0657061776904606,1.0,10.75,8.244614546626394e-10,1.9066666627367337,0.7526785714285714,0.5865531543331151,3.7142857142857144,4.8634615384615385,6.183460909969796e-09,151.31962345717875,0.6050595238095238,0.22178563632394674,3.142857142857143,4.620454545454546,3.091730454984898e-08,411.74999915132014,0.7826388888888889,0.5889543767736302,2.5714285714285716,7.304629629629629,6.801807000966775e-08,49.55990847274228,53.86666666666667,1259.3249172600495,1.0,0.0,23.37797619047619,0.314466085812513,1.6459818971949961e-09,0.0358440140641236,0.6620547986480397,1.040555152484132,114.5020014468071,24.84756664619212,0.013149411667248216,0.0006079919558696081,0.0002786132128699975,0.0001886880002489348,0.0004898432771168064,0.0004898432771322345,0.00018868800022073877,0.00030052499765437256,0.0011443840983607577,0.001281515918826389,0.0027568888789308078,0.00021269180545923705,0.0018558938078162726,0.0003886622526768727,0.0013764981986426677,0.0002849638244571145,0.0002816675427764985,0.0005729355535053098,0.0004491170646835958,28125.76173432573,1.0
250.0,dispatch-nmpc,summer,7.0,109.7978971833581,5.987033285848903,0.3320628640228958,0.29841325253667994,0.6799402303479312,0.10000813830794014,0.9372147759682166,solar,957,3353,2614.615926860169,1.3076244635352434e-06,0.36738980681254024,2012403.2459634205,4153.418861683192,529.4168589003384,4072.7371218329063,1839.7144381779012,-0.5482854937246844,55,0.050283175166355214,0.39285714285714285,0.0,1.0,9.428571428571429,8.244614546626394e-10,1.373333330502682,0.8276785714285714,0.7266296109146033,4.0,4.966071428571429,6.183460909969796e-09,162.93120454859198,0.7110119047619048,0.38504295098534613,2.7142857142857144,6.286842105263158,3.091730454984898e-08,599.2499987648538,0.8377976190476191,0.7554320363820111,2.0,10.053571428571429,6.801807000966775e-08,180.1832804698294,50.43333333333333,1260.6103506895276,1.0,0.0,24.074404761904763,0.31548825615373927,1.697095662587866e-09,0.02984112085344918,0.8230818917700805,0.8254933620171483,177.3950429035934,25.848006544626614,0.012012992029974589,0.0005473185305492909,0.0003787886677463175,0.00019235917349144668,0.0006820947926401118,0.0006820947927532487,0.00019235917339539246,0.0003112262522676074,0.0012539773530807282,0.0008854571823885235,0.0025972607257348053,0.00024233752729077283,0.0006463884748206864,0.00037101509161515273,0.0014365150061740452,0.0003087372185204028,0.00030210432227965216,0.0005337668686342297,0.0004491908765921754,24304.262548403807,1.0
250.0,dispatch-nmpc,autumn,7.0,83.17127650651612,7.878807638083152,0.32118326023543864,0.2962497229180148,0.542382056914522,0.0999862001865412,0.9331795586637622,solar,1992,3595,1451.5160308805553,0.0012690246923219093,0.30570691516095727,2012403.2459634205,3143.1629224082044,615.2831057999283,2790.1136038255045,316.8810735386939,-0.8864271787699898,52,0.06270008165823183,0.39037698412698413,0.03822826686270906,1.7142857142857142,5.465277777777778,8.244614546626394e-10,1.0066666645917721,0.6846230158730159,0.5015622128285242,5.142857142857143,3.1949074074074075,6.183460909969796e-09,148.30771112420732,0.49206349206349204,0.09042455430986951,2.4285714285714284,4.862745098039216,3.091730454984898e-08,228.99999952799593,0.7236111111111111,0.5234331924278626,1.7142857142857142,10.130555555555555,6.801807000966775e-08,99.3175671234512,46.05,1237.5071353429066,1.0,0.0,23.125992063492063,0.31284654197802336,1.4625440417590837e-09,0.039281648646276805,0.7619423191298025,1.1371639090860066,109.77197033903813,24.88881717723859,0.01278554235998911,0.000614112756512415,0.00040045175706989063,0.00022501525672537968,0.0005038351600638681,0.0005038351600950542,0.00022501525671327275,0.00031877938501685487,0.0009657397267649946,0.0009368882175232389,0.0022630247255979816,0.00022456688268269478,0.002170716085687298,0.00034489610121232154,0.0015117113222079695,0.0003043163239475983,0.0003172478921880944,0.0005357470738955404,0.0004196432760846432,26727.913938724665,1.0
500.0,dispatch,winter,7.0,54.639892911204996,12.537245041145438,0.257077819313792,0.2477914723229495,0.3224443776550682,0.13006504187611154,0.8613346617582502,solar,4368,7443,4345.341683375471,0.0317713387632979,0.23342841014154744,2074903.2459634205,2035.7608494411847,478.7029220000841,3133.346686909246,859.7558727388359,-0.7256109972347474,49,0.07504614075120722,0.4148809523809524,0.08697106539555109,1.2857142857142858,7.7444444444444445,8.244614546626394e-10,4.08666665895691,0.5071428571428571,0.22461950158889446,2.0,6.085714285714286,6.183460909969796e-09,67.99999985987792,0.4624007936507937,0.15671516976082958,1.2857142857142858,8.631481481481481,3.091730454984898e-08,309.99999936104246,0.5251984126984127,0.24101020237497908,1.5714285714285714,8.021212121212121,6.801807000966775e-08,121.15394231941465,27.766666666666666,1264.4451796303786,,,,,,,,,,,,,,,,,,,,,,,,,,,,,,,
500.0,dispatch,spring,7.0,104.67433269643529,6.58922533277807,0.3451557769574718,0.28183004387876115,0.47940796984259715,0.14896124494272123,0.9453578132362751,reactor capacity,2721,6388,5038.969905922648,1.208808072381847e-06,0.35346204413025983,2074903.2459634205,3928.967317473891,305.0934178000316,4803.045397275524,2696.000387159459,-0.4386893805566076,55,0.07571048282220405,0.41517857142857145,0.0336171141672124,1.1428571428571428,8.71875,8.244614546626394e-10,2.5599999947234466,0.6824404761904762,0.3852870552281161,1.7142857142857142,9.554166666666667,6.183460909969796e-09,71.14999985335118,0.7196428571428571,0.4435712726478935,1.4285714285714286,12.09,3.091730454984898e-08,660.9999986375775,0.7604166666666666,0.5442043222003929,1.4285714285714286,12.775,6.801807000966775e-08,97.84799973532373,54.46666666666667,1266.908260298177,,,,,,,,,,,,,,,,,,,,,,,,,,,,,,,
500.0,dispatch,summer,7.0,115.43095875908476,5.985944614343786,0.3142258947114948,0.27333172413596857,0.523870175192758,0.12096395664869174,0.9438160196204712,reactor capacity,1913,5773,5223.537821337477,1.1352666079498401e-06,0.3750450562829905,2074903.2459634205,4333.92458380765,230.59976359969005,5017.765549650074,3299.6285457289455,-0.3424107776500133,55,0.06637913424574222,0.38095238095238093,0.0,1.0,9.142857142857142,8.244614546626394e-10,1.5599999967846,0.7625992063492063,0.5045477513895907,1.5714285714285714,11.646969696969698,6.183460909969796e-09,71.35461421603559,0.8188492063492063,0.5977766548762001,1.7142857142857142,11.463888888888889,3.091730454984898e-08,797.9999983551996,0.8256944444444444,0.6356745831227892,1.1428571428571428,17.339583333333334,6.801807000966775e-08,181.62479438287895,51.93333333333333,1267.0775342831378,,,,,,,,,,,,,,,,,,,,,,,,,,,,,,,
500.0,dispatch,autumn,7.0,89.55184188305894,7.708389525092304,0.2977726659438404,0.30716945857668065,0.50377426802191,0.133670422873652,0.9105154454549862,reactor capacity,3302,6552,4600.495011014551,2.0178504450692952e-06,0.31392732511025095,2074903.2459634205,3342.6996899728315,291.0309528997168,4523.919475547376,1877.7829279138505,-0.5849212307903323,55,0.0939936308760575,0.42757936507936506,0.1007167800036758,1.7142857142857142,5.986111111111111,8.244614546626394e-10,2.1066666623337458,0.6248015873015873,0.34442198125344603,3.142857142857143,4.7712121212121215,6.183460909969796e-09,81.74999983175081,0.6086309523809523,0.32879985296820435,2.142857142857143,6.816666666666666,3.091730454984898e-08,499.2499989709693,0.6754960317460318,0.4289652637382834,2.0,8.105952380952381,6.801807000966775e-08,138.48465321499745,46.483333333333334,1264.3753639143595,,,,,,,,,,,,,,,,,,,,,,,,,,,,,,,
500.0,dispatch-nmpc,winter,7.0,61.54309574221976,11.225931546641549,0.23822296581945893,0.39946348351417893,0.5382608143098412,0.09990941574757865,0.9053136000791026,solar,2199,5071,2507.309025361893,0.04040874414005805,0.2403101008688664,2074903.2459634205,2258.8794280690745,806.6291029998101,2084.205086930313,-0.6109064600775866,-1.0002931124503576,48,0.0581479052217844,0.3962301587301587,0.12778056531192508,1.5714285714285714,6.051515151515151,8.244614546626394e-10,0.906666664900526,0.6965277777777777,0.5628031443385182,3.5714285714285716,4.680666666666666,6.183460909969796e-09,141.74804898274348,0.5414682539682539,0.27345709984947314,2.0,6.497619047619048,3.091730454984898e-08,475.9999990188911,0.682936507936508,0.5363773206221776,1.7142857142857142,9.561111111111112,6.801807000966775e-08,391.701188407537,31.766666666666666,1265.4841563550574,1.0,0.0,22.729166666666668,0.32701861042259556,1.4601092036336865e-09,0.02442300279602125,0.906374207526561,0.3997245069150395,366.40381358405523,22.89374779118595,0.01172845851989748,0.0006334729820075968,0.00044374169466621647,0.00022879111004959842,0.0005338507058358511,0.0005338507058244913,0.00022879111005342473,0.00037847142426162764,0.0011301123225732135,0.0011441952520678063,0.001828514650196506,0.00024986930397937157,0.001248858015294521,0.0006169519411712469,0.0007619693919393972,0.0002700670740410519,0.00033730770951029336,0.0007587393989643433,0.0004009037274609242,26209.44701598755,1.0
500.0,dispatch-nmpc,spring,7.0,109.06066402743485,6.36092765515307,0.3317254161039287,0.3749630506686721,0.6301107197615679,0.10000462460912547,0.9260518167415852,solar,698,5214,2366.7963685217132,8.773862261174752e-08,0.3601225424698779,2074903.2459634205,4067.9647584932472,606.8067450001836,4076.8346289515266,2315.319209961311,-0.43207919361773056,55,0.048281970278251235,0.34523809523809523,0.0,1.0,8.285714285714286,8.244614546626394e-10,0.3999999991755385,0.8831349206349206,0.7982973149967256,3.2857142857142856,6.45072463768116,6.183460909969796e-09,85.89125717611176,0.8846230158730158,0.7769046059812268,1.7142857142857142,12.384722222222223,3.091730454984898e-08,1136.7499976569836,0.8716269841269841,0.8068107400130976,1.4285714285714286,14.643333333333334,6.801807000966775e-08,261.176714612017,52.18333333333333,1266.471726114599,1.0,0.0,22.935515873015873,0.31501665019748054,1.7412411446783729e-09,0.023797694378922665,0.6271975758305188,0.32670192059299275,265.53702902295333,28.823257533884693,0.012313427043433255,0.0005472378978461052,0.00033764575091344066,0.0001899773010783045,0.0005943751454784789,0.0005943751454785196,0.0001899773010782508,0.0003156566466238656,0.0012854019147692114,0.0009561937749216037,0.0024386748213140364,0.0005975747456829241,0.0003817916568138964,0.00043107544948693514,0.0018640076404647747,0.0002867402809804867,0.0003102584543995089,0.000537197606287145,0.0004552655098157681,25020.597305395982,1.0
500.0,dispatch-nmpc,summer,7.0,113.60198876289871,6.111435966424872,0.3121386064613888,0.3153000204229914,0.6493909124095454,0.09999861111921461,0.9354861245448135,solar,618,5314,3060.99970962679,0.008643573532320106,0.3760310455890631,2074903.2459634205,4238.76567999676,542.4011877002195,4346.255588252077,1684.7614129989702,-0.6123648554970219,55,0.046814939168682845,0.38095238095238093,0.0,1.0,9.142857142857142,8.244614546626394e-10,1.5999999967021539,0.8910714285714286,0.8428499242041435,4.142857142857143,5.162068965517241,6.183460909969796e-09,81.09204268895455,0.9365079365079365,0.9113188479029813,3.5714285714285716,6.293333333333334,3.091730454984898e-08,1133.2499976641977,0.9202380952380952,0.8794845881758464,1.1428571428571428,19.325,6.801807000966775e-08,251.39718729289038,51.71666666666667,1265.1726254524951,1.0,0.0,23.42956349206349,0.3134531444428296,1.7980365117259908e-09,0.02327816434443813,0.8399437418346541,0.2916217684122876,270.45579762045287,30.812901867054006,0.012875946646441634,0.0005527994400679966,0.0004145537576091322,0.00018725050128082555,0.0007998632872656567,0.0007998632872759204,0.00018725050127498826,0.00032400032388684016,0.0014287529544759414,0.0008919132361947727,0.002614371591734225,0.0006457883403863152,0.0003850053828872445,0.00046373337158585125,0.001524231511652821,0.0003046561088731068,0.000319296134186659,0.0005342268399117357,0.000498390075891601,23982.185635367885,1.0
500.0,dispatch-nmpc,autumn,7.0,95.35922279950299,7.286000969967971,0.2792897306958289,0.4615065829834071,0.6724783825783929,0.09998651159040085,0.9119416556655325,solar,1034,5347,2318.400637304243,2.096665410742086e-07,0.3230779277373384,2074903.2459634205,3532.599005835565,596.7470796997659,3540.4109441769638,1383.516975270612,-0.6092213595864824,52,0.05734005751116081,0.36875,0.03528763095019298,1.1428571428571428,7.74375,8.244614546626394e-10,1.0066666645917721,0.8498015873015873,0.7379158242970042,4.285714285714286,4.758888888888889,6.183460909969796e-09,111.75346505517233,0.8536706349206349,0.7483918397353427,2.142857142857143,9.56111111111111,3.091730454984898e-08,1148.7499976322497,0.8260912698412698,0.7647491269987134,1.1428571428571428,17.347916666666666,6.801807000966775e-08,203.27298215507213,45.11666666666667,1256.5339375485357,1.0,0.0,22.932539682539684,0.3133402288677023,1.7586666812543164e-09,0.026613179019602144,1.1563273307890105,0.4059386205888989,245.60443664768965,21.87704867533781,0.011303113444005449,0.0005363508214572349,0.00034289779070927425,0.0001987056642370625,0.0005721459933861528,0.0005721459933860654,0.00019870566423712112,0.0003288336696052552,0.0012736412600394325,0.0009217655789563267,0.0022647195385456786,0.00036665923108238085,0.0006406366034797535,0.00038333700274261585,0.0011029339377438567,0.00028167572842553387,0.000322130607486735,0.0005484330376976115,0.00044739532078735865,27236.49281239245,1.0
1000.0,dispatch,winter,7.0,54.32112533537421,13.84201802841194,0.21425581344820888,0.3618612935779975,0.34192662731868767,0.12807784965637897,0.8617746783243039,solar,3760,7425,4908.852386329583,0.3175294239997856,0.2437932082449224,2199903.2459634207,1951.884918140884,566.9286625999957,2566.7228577055885,490.70479265012943,-0.8088204999706224,46,0.053766595581463676,0.4107142857142857,0.14935607961197525,2.0,4.928571428571429,8.244614546626394e-10,4.8399999902699555,0.5830357142857143,0.34286670011707643,2.4285714285714284,5.761764705882353,6.183460909969796e-09,88.10187162617343,0.5879960317460318,0.35173105870546917,2.0,7.055952380952381,3.091730454984898e-08,473.49999902404403,0.6856150793650794,0.48653621006857334,1.5714285714285714,10.47121212121212,6.801807000966775e-08,642.8438619844707,30.05,1266.8073659187696,,,,,,,,,,,,,,,,,,,,,,,,,,,,,,,
1000.0,dispatch,spring,7.0,122.77228436361813,6.276174703101728,0.2638348831398483,0.42060593393916196,0.6764448615268355,0.12369374430606346,0.947709646400045,reactor capacity,315,5940,4875.26184842551,0.42635892337602393,0.3942124024936408,2199903.2459634207,4452.583840109603,274.6590738003142,4386.4961133439165,3259.294936683891,-0.25697074556410276,55,0.03359017777266533,0.42857142857142855,0.07749399694389872,1.0,10.285714285714286,8.244614546626394e-10,3.1733333271276556,0.9270833333333334,0.898057192752674,1.5714285714285714,14.159090909090908,6.183460909969796e-09,212.90030570203947,0.979265873015873,0.9960707269155207,1.1428571428571428,20.564583333333335,3.091730454984898e-08,473.74999902352863,0.9348214285714286,0.9187950229207597,1.0,22.435714285714287,6.801807000966775e-08,331.3734057483916,53.016666666666666,1265.104573505471,,,,,,,,,,,,,,,,,,,,,,,,,,,,,,,
1000.0,dispatch,summer,7.0,129.4316833472959,5.97065630764815,0.24255902402872048,0.3677098863882911,0.7199901317154375,0.10891108741625978,0.9466406987104959,reactor capacity,340,5595,5320.702401306352,3.3212947013756396e-06,0.41153680403336845,2199903.2459634207,4691.662289809059,228.45454970002174,4552.384070374192,4011.245259664014,-0.11886932261093199,55,0.03119587403835695,0.44642857142857145,0.06467913087417888,1.0,10.714285714285714,8.244614546626394e-10,4.413333324464933,0.9662698412698413,0.9269833249115715,0.7142857142857143,32.46666666666667,6.183460909969796e-09,232.23907131399753,0.9672619047619048,0.9269833249115715,0.5714285714285714,40.625,3.091730454984898e-08,315.2499993502214,0.9761904761904762,0.9393633148054573,0.14285714285714285,164.0,6.801807000966775e-08,350.90971440259335,52.68333333333333,1267.3431329106804,,,,,,,,,,,,,,,,,,,,,,,,,,,,,,,
1000.0,dispatch,autumn,7.0,111.68123844461788,6.933480788063535,0.1876699568069101,0.5120471230079109,0.7525971291777079,0.1227807444400158,0.9386403490771145,reactor capacity,327,6377,4419.03474496229,2.9432992235039517e-06,0.3607534383141836,2199903.2459634207,3996.0600463425326,287.0732627999969,3891.7194504667254,3128.7363686617973,-0.19605295076278564,55,0.033751624531459315,0.483234126984127,0.2041904061753354,1.7142857142857142,6.765277777777778,8.244614546626394e-10,6.3933333211024195,0.9199404761904761,0.8932181584267598,1.8571428571428572,11.88846153846154,6.183460909969796e-09,223.50181848709528,0.9742063492063492,0.9746370152545488,1.8571428571428572,12.58974358974359,3.091730454984898e-08,495.74999897818327,0.9304563492063492,0.9025914353979048,1.2857142857142858,17.368518518518517,6.801807000966775e-08,424.34769274275675,48.63333333333333,1265.7080452467967,,,,,,,,,,,,,,,,,,,,,,,,,,,,,,,
1000.0,dispatch-nmpc,winter,7.0,67.03998794192384,11.347753310455879,0.17123039949485513,0.48138479437537274,0.5058544567464942,0.09993831374667418,0.9036268397470267,solar,1417,4859,2930.6058573021105,0.07416565441095006,0.2617226568745248,2199903.2459634207,2376.576933180537,864.9029338997789,2341.5205311901536,792.6266824331509,-0.6614906118161292,48,0.04359865484234502,0.5888888888888889,0.3574176283659475,1.5714285714285714,8.993939393939394,8.244614546626394e-10,6.946666653174809,0.8058531746031746,0.6994480682388359,2.4285714285714284,7.963725490196078,6.183460909969796e-09,60.66051003045741,0.6905753968253968,0.5097842448569995,1.4285714285714286,11.601666666666667,3.091730454984898e-08,629.7499987019886,0.8010912698412699,0.7230306071249373,1.1428571428571428,16.822916666666668,6.801807000966775e-08,718.5685153244656,40.63333333333333,1262.039428897124,1.0,0.0,23.35218253968254,0.31794580982190496,1.5531597767644682e-09,0.01507444034380936,0.4676081194920828,0.14234992131628016,885.7715271770526,36.77649009974569,0.01345007295597365,0.0005412277457386623,0.000385771389363505,0.0002210812450111786,0.0005409760188264606,0.0005409760188293933,0.00022108124500725752,0.0003752370722268944,0.001156086474262651,0.001270938085980144,0.0019262685202271514,0.00027233079398179133,0.0011536708650255346,0.0015082293543217146,0.0008510982638800128,0.0002797881155198233,0.0003509539055267385,0.001001517869913216,0.0008528399723315191,26159.45082510815,1.0
1000.0,dispatch-nmpc,spring,7.0,123.4823255847094,6.2481803163676535,0.25655423115370984,0.4055684073729733,0.6954615560860468,0.0999997222125258,0.9154096331493573,solar,9,2469,2606.0272536512016,2.224875034926299e-07,0.39876213257428983,2199903.2459634207,4472.404768228614,589.6325693000108,4447.736474430929,3962.1121988198433,-0.10918458825131255,55,0.04038791314616164,0.44642857142857145,0.10499890853525431,1.0,10.714285714285714,8.244614546626394e-10,2.79999999439492,0.9574404761904762,0.9222877101069635,0.5714285714285714,40.2125,6.183460909969796e-09,52.87104226015911,0.999702380952381,1.0,0.5714285714285714,41.9875,3.091730454984898e-08,529.4999989086193,0.9464285714285714,0.9225060030561013,0.14285714285714285,159.0,6.801807000966775e-08,226.57198337151365,53.96666666666667,1266.147099082379,1.0,0.0,25.64781746031746,0.32573636854437016,1.837662085842109e-09,0.0167819925865851,0.6202535132895729,0.14828705589587804,353.206818990592,36.78893539036565,0.02057312924087015,0.0009107303758659137,0.0008609975326527398,0.0002462426507297124,0.0006008269769363281,0.0006008269769229473,0.00024624265074738917,0.0003689710691736007,0.00226305222923282,0.0027283771831517994,0.004496876703841378,0.0007428620748570063,0.000609020672829155,0.0005282916127625585,0.003525401623604798,0.0003697491595513452,0.00036895803007026785,0.0005728467107445804,0.0005328550071958078,25797.138306039884,1.0
1000.0,dispatch-nmpc,summer,7.0,128.49346244880758,6.0182329566076564,0.24452464904936363,0.32802515200461124,0.7316302167523799,0.09999847222468063,0.9371775524114023,solar,0,2219,3320.076666201782,1.40170304760782e-06,0.4108286809510278,2199903.2459634207,4651.048663806806,530.8476788001135,4689.993322769966,4290.89611473916,-0.08509547467651704,55,0.036904667873838906,0.4166666666666667,0.019201616978271854,1.1428571428571428,8.75,8.244614546626394e-10,2.359999995154306,0.9702380952380952,0.9242041435068217,0.14285714285714285,163.0,6.183460909969796e-09,64.0414113754228,1.0,1.0,0.14285714285714285,168.0,0.0,403.2499991688399,1.0,1.0,0.14285714285714285,168.0,0.0,299.3512305748692,54.55,1263.785250534581,1.0,0.0,25.58531746031746,0.3218830906793416,1.8402902003872077e-09,0.020541016017671485,0.4854043430438875,0.14555960082198427,339.2235493110221,39.85114231688046,0.02064375095958819,0.0007177785426736858,0.0008884213635964144,0.0003637890662201291,0.0012371495678789707,0.0012371495686254491,0.00036378906534291196,0.0005191485876919496,0.0021445804901213754,0.002500679761137873,0.0043895531789277,0.0009764504989289967,0.0004451285097037993,0.0007169206274455545,0.001800038661695846,0.0005085065315318188,0.0005103611257940043,0.000676860402741014,0.0006474454095306982,24062.668469673397,1.0
1000.0,dispatch-nmpc,autumn,7.0,108.99069184418718,7.094151810619548,0.19859222465640045,0.4755093127002089,0.7294381307316049,0.1105443106626215,0.9118178269897619,solar,0,3188,2886.2801149079496,1.291766645105478e-07,0.35725366410276127,2199903.2459634207,3901.7186581240635,604.045809800271,3960.1135771875065,3712.4133136059186,-0.062548777643268,55,0.040739678970560224,0.4880952380952381,0.21190957544569014,1.0,11.714285714285714,8.244614546626394e-10,3.486666659493727,0.9523809523809523,0.9274030509097593,0.14285714285714285,160.0,6.183460909969796e-09,47.58470859045384,1.0,1.0,0.14285714285714285,168.0,0.0,677.999998602538,0.9464285714285714,0.9274030509097593,0.14285714285714285,159.0,6.801807000966775e-08,345.7830347291173,47.7,1263.1018676401543,1.0,0.0,26.036706349206348,0.3256299552546504,1.8389288176995475e-09,0.019052655383689568,0.8644303943155012,0.16927698651114376,405.49969944557625,35.940785973299526,0.02708501083465157,0.0013255200458722302,0.0016855173773297752,0.00048468128559166007,0.00096124935306122,0.0009612493539594272,0.0004846812849863531,0.0006760095607488388,0.0019073500392365172,0.005152020702198671,0.006359018633094616,0.0012094164269264118,0.000861880819892774,0.0008432584797587842,0.0013105052139892246,0.0006007264422956081,0.0006470579855339112,0.0009061020391352478,0.0007087657910403008,26278.144479625127,1.0
1500.0,dispatch,winter,7.0,55.410409742365914,14.588701164975873,0.255050910604504,0.23085027060687655,0.22729936216952878,0.16793146963788305,0.8456421284666854,reactor capacity,3423,7327,5357.959191606338,0.066500297563798,0.2358765181978492,2324903.2459634207,1994.559316041436,843.7085513002239,2873.575595741917,657.1832678389242,-0.7713012078705211,49,0.066441253131605,0.5313492063492063,0.2676032781401572,1.8571428571428572,6.866666666666666,8.244614546626394e-10,3.059999994165819,0.624702380952381,0.40826225121257737,2.4285714285714284,6.173529411764706,6.183460909969796e-09,77.70205892640836,0.5375992063492063,0.28265596253554104,1.5714285714285714,8.210606060606061,3.091730454984898e-08,422.9999991281322,0.6463293650793651,0.41963539053353405,2.0,7.7559523809523805,6.801807000966775e-08,491.1183470287058,30.783333333333335,1266.781882666972,,,,,,,,,,,,,,,,,,,,,,,,,,,,,,,
1500.0,dispatch,spring,7.0,136.3465540802211,6.234731133932819,0.2027878631982689,0.4124509099454221,0.7293718352250512,0.12348014938586302,0.9481271167598178,reactor capacity,334,5820,4843.865153856077,7.300378541549435e-06,0.4245760357293169,2324903.2459634207,4810.274913335043,242.0305782002397,4719.026095123716,4008.4953658523323,-0.15056723886430556,55,0.02985663530518466,0.44642857142857145,0.0657061776904606,1.0,10.714285714285714,8.244614546626394e-10,4.633333324127639,0.9668650793650794,0.9576511678672779,0.7142857142857143,32.486666666666665,6.183460909969796e-09,240.40553390655612,0.9675595238095238,0.9576511678672779,0.7142857142857143,32.510000000000005,3.091730454984898e-08,231.74999952232773,0.9726190476190476,0.9576511678672779,0.7142857142857143,32.68,6.801807000966775e-08,207.27374431523907,56.13333333333333,1266.3352186662796,,,,,,,,,,,,,,,,,,,,,,,,,,,,,,,
1500.0,dispatch,summer,7.0,138.01532329297444,6.149942353347283,0.20131988813075888,0.32422353057740394,0.7126405449334065,0.11114599965027074,0.946427285635825,reactor capacity,180,5526,5650.631699603812,9.006458325651086e-06,0.4314770215426062,2324903.2459634207,4884.32477391348,227.2416877998039,4716.68841156327,4562.298718077267,-0.03273264630063472,55,0.030978277515030184,0.4523809523809524,0.06467913087417888,1.0,10.857142857142858,8.244614546626394e-10,4.139999991565233,0.9821428571428571,0.954522486104093,0.14285714285714285,165.0,6.183460909969796e-09,223.03575707066133,0.9583333333333334,0.9221829206670036,0.14285714285714285,161.0,3.091730454984898e-08,218.74999954912272,0.9821428571428571,0.954522486104093,0.14285714285714285,165.0,6.801807000966775e-08,308.05234566883604,58.266666666666666,1266.0433494681588,,,,,,,,,,,,,,,,,,,,,,,,,,,,,,,
1500.0,dispatch,autumn,7.0,114.94560010882594,7.358531861555738,0.15220830900899213,0.492494032093353,0.6734459885633811,0.11503084760673817,0.8845625239374734,reactor capacity,228,6537,5281.867228828236,1.0248955272860864e-05,0.37628270621202203,2324903.2459634207,4019.700080812142,399.3951520002447,3920.510974700569,3275.908815692537,-0.16441789429176742,52,0.04076636461289204,0.5320436507936508,0.25179195000918947,1.2857142857142858,9.931481481481482,8.244614546626394e-10,7.719999985374996,0.9297619047619048,0.9053482815658886,1.7142857142857142,13.016666666666666,6.183460909969796e-09,256.8528351058941,0.9793650793650793,0.9779452306561294,1.7142857142857142,13.71111111111111,3.091730454984898e-08,276.49999943009107,0.9330357142857143,0.9053482815658886,1.0,22.392857142857142,6.801807000966775e-08,447.53888432696215,47.55,1266.5615356241483,,,,,,,,,,,,,,,,,,,,,,,,,,,,,,,
1500.0,dispatch-nmpc,winter,7.0,68.85996187910119,11.92454128105938,0.16563173880301724,0.4718309470387639,0.3772797538743991,0.09994542388810725,0.7954818289445404,solar,839,4434,3285.922406420851,0.024410201604331938,0.2639320948162045,2324903.2459634207,2422.8371729390683,1069.4291739002801,2377.5109587730367,921.784095761624,-0.6122902851992196,52,0.036363419377720425,0.6564484126984127,0.47867536377320624,1.7142857142857142,9.190277777777778,8.244614546626394e-10,6.899999986331136,0.8421626984126984,0.7630038467971233,2.0,10.10595238095238,6.183460909969796e-09,51.69999989350203,0.7129960317460318,0.5398896136477672,1.2857142857142858,13.309259259259258,3.091730454984898e-08,638.2499986844688,0.7696428571428572,0.6613146011038635,1.1428571428571428,16.1625,6.801807000966775e-08,573.2308412640743,35.6,1265.8027046241752,1.0,0.0,23.751984126984127,0.31926777956144337,1.5530455476252345e-09,0.012101214467607622,0.45068811744128545,0.07334304711528997,743.8685144433475,32.37002433160234,0.011184676964735218,0.0006076111815035571,0.0003155951755964994,0.00017607672120824208,0.00047470775179856263,0.0004747077520151427,0.00017607672090088578,0.0002753362807995719,0.001109684710580633,0.001221885396181599,0.0020334921596082637,0.00025671094698987156,0.0008710664090835785,0.0012694142028511733,0.0004037744739722495,0.00023819463740555854,0.00029952909461251084,0.0005950579518563976,0.0003857553977709196,28345.355704692127,1.0
1500.0,dispatch-nmpc,spring,7.0,134.97424593781653,6.3118794441444015,0.1982183147708183,0.405942096570798,0.7537669880871923,0.11517683858494522,0.9348877197697566,solar,8,1857,2826.477042146355,3.771162361469275e-07,0.4280258445360425,2324903.2459634207,4742.809050774275,524.6934663001448,4793.850615140056,4373.383962951451,-0.08770958587250856,55,0.033699857751280635,0.4523809523809524,0.0657061776904606,1.0,10.857142857142858,8.244614546626394e-10,2.7133333277407368,0.9761904761904762,0.9476096922069417,0.14285714285714285,164.0,6.183460909969796e-09,56.75952920754844,0.9992063492063492,0.998253656406898,0.2857142857142857,83.93333333333334,3.091730454984898e-08,300.2499993811386,1.0,1.0,0.14285714285714285,168.0,0.0,234.26789536285253,60.21666666666667,1265.7942051320529,1.0,0.0,23.564484126984127,0.3183134653880852,1.8378872079671014e-09,0.014967030439035184,0.9256480646808118,0.07421538218035661,275.63850342988565,46.97961275480639,0.015018083744567194,0.0004983089836902247,0.0005065632155609235,0.00023680096924083563,0.0008950948203531436,0.0008950948203531442,0.00023680096924114967,0.00034052479920399734,0.0023328246176852795,0.0007413803850171767,0.0031987159434017,0.0009098736159177177,0.00026210496819123664,0.0005563432100096957,0.0016543895874739512,0.00038570688134463707,0.00036850537672195277,0.00044710838346090673,0.0005519421976995225,24559.491138129135,1.0
1500.0,dispatch-nmpc,summer,7.0,138.92713353307545,6.118561127698041,0.1903617242235494,0.3441349676132004,0.730368946418562,0.09999777764791912,0.9372089333102133,solar,2,1468,3406.690841477987,1.6726616395089878e-06,0.43844924819237413,2324903.2459634207,4908.804938938725,530.5831353999674,4880.056863130793,4533.4147211554455,-0.07103239812516449,55,0.03439752246085472,0.5416666666666666,0.20768064679130874,0.8571428571428571,15.166666666666666,8.244614546626394e-10,8.193333316445614,0.9878968253968254,0.9696816574027286,0.2857142857142857,82.98333333333333,6.183460909969796e-09,66.60296467310154,0.9583333333333334,0.9221829206670036,0.14285714285714285,161.0,3.091730454984898e-08,174.99999963929815,1.0,1.0,0.14285714285714285,168.0,0.0,182.27732651292212,64.11666666666666,1264.5001045289316,1.0,0.0,23.123015873015873,0.3147529054568001,1.804152418991064e-09,0.01266917076183682,0.4522424331123717,0.07070286638499115,447.30724122809676,42.7280174202514,0.01616228537087022,0.0004895504039467876,0.0004836334784683206,0.00018812887887441842,0.0014362286879583122,0.0014362286879575153,0.0001881288788718423,0.00027811522491936184,0.0023970307987085395,0.0007842058064121241,0.0033110192043822838,0.0008974248765950651,0.00022327717973855054,0.0005235075131619191,0.0018977910253170976,0.00036254567292199057,0.00033557904516256815,0.00040445574796921235,0.0005254342595043089,22206.124052027088,1.0
1500.0,dispatch-nmpc,autumn,7.0,122.19894950771393,6.977839282518533,0.1162025672087197,0.5105894622326225,0.763771671837774,0.11033857880624016,0.9137867167556336,solar,0,1597,2622.2050960587503,1.6032201529014855e-09,0.39202245383072876,2324903.2459634207,4245.208469086662,669.6585136000067,4331.558092116226,3977.262325043408,-0.08179407029485862,55,0.034881635486448015,0.5535714285714286,0.28469031428046315,0.8571428571428571,15.5,8.244614546626394e-10,4.906666656553272,0.9523809523809523,0.9274030509097593,0.14285714285714285,160.0,6.183460909969796e-09,55.9717220905227,1.0,1.0,0.14285714285714285,168.0,0.0,231.49999952284304,0.9464285714285714,0.9274030509097593,0.14285714285714285,159.0,6.801807000966775e-08,268.26868795539656,56.0,1266.6789853017008,1.0,0.0,23.300595238095237,0.31523659900302026,1.837662523284685e-09,0.019223184888607876,0.8539847472382674,0.0743636491374354,446.8751014676044,43.7396211716851,0.013614859650345786,0.0005199263891269183,0.0005462846422389514,0.00023836765614066544,0.0006891256857386931,0.0006891256854720527,0.0002383676563073656,0.0003694515819925092,0.002020994859685006,0.0008994713412679744,0.0032445630118601966,0.00035243287431891915,0.0006098742516687507,0.0005543933259123252,0.000827526503023775,0.00037219529143674493,0.0003482474777702304,0.0005688241393518589,0.0005256872770328468,23582.007583517367,1.0
