site,pv_kwp,battery_kwh,season,weight,days,price,ch4_kg_per_day,lcom,curtail_frac,night_share,efc_per_day,soc_min,soc_max,limiting,bus_trips,bus_interventions,shed_kwh,unserved_kwh,utilisation,operating_margin_eur,capex_eur,capex_pv_eur,capex_battery_eur,capex_process_eur,wall_s,nmpc_used,nmpc_failed,nmpc_iterations,nmpc_solve_time_s,nmpc_predicted_shed_kWh,duty_contactor,duty_night_contactor,starts_contactor,uptime_h_contactor,offdraw_kW_contactor,idle_kWh_contactor,duty_calciner,duty_night_calciner,starts_calciner,uptime_h_calciner,offdraw_kW_calciner,idle_kWh_calciner,duty_electrolyser,duty_night_electrolyser,starts_electrolyser,uptime_h_electrolyser,offdraw_kW_electrolyser,idle_kWh_electrolyser,duty_sabatier,duty_night_sabatier,starts_sabatier,uptime_h_sabatier,offdraw_kW_sabatier,idle_kWh_sabatier,kiln_hot_h,kiln_T_max,edit_mean,edit_max,bind_bus_balance,bind_state_box,bind_battery.soc.lo,bind_battery.soc.hi,bind_solids.n_cao.lo,bind_solids.n_cao.hi,bind_solids.n_caco3.lo,bind_solids.n_caco3.hi,bind_calciner.temperature_K.lo,bind_calciner.temperature_K.hi,bind_electrolyser.temperature_K.lo,bind_electrolyser.temperature_K.hi,bind_gas.n_h2.lo,bind_gas.n_h2.hi,bind_gas.n_co2.lo,bind_gas.n_co2.hi,bind_water.mass_kg.lo,bind_water.mass_kg.hi,bind_sabatier.temperature_K.lo,bind_sabatier.temperature_K.hi,bind_band_ceiling,bind_rate_limit,cf_bus_deficit_W,cf_bus_deficit_W_frac,cf_gas.n_h2.hi,cf_gas.n_h2.hi_frac
Seville,700.0,500.0,summer,0.63,7.0,6.0,89.14773194916452,6.686699428220412,0.1344612817423697,0.28618523789284,0.3143302044664889,0.1000224105847078,0.9358413910068952,solar,708,2732,2753.184536232756,3.146379519712165e-06,0.3039507520743323,3676.6249043603066,1794903.2459634205,490000.0,125000.0,1179903.2459634205,1237.9717570999635,1.0,0.0,22.52380952380953,0.3191168075445891,1.034875519628345e-09,0.4854166666666666,0.1472966144517433,1.7142857142857142,6.795833333333333,8.244614546626393e-10,1.5399999968656917,0.8345238095238096,0.7518948964123294,3.571428571428572,5.608,6.183460909969796e-09,126.40410793422669,0.5843253968253969,0.0917129863567458,3.0,4.674603174603175,3.0917304549848985e-08,328.7499993223958,0.8447420634920635,0.7165234967155129,1.7142857142857142,11.826388888888888,6.801807000966775e-08,444.4050991454715,40.8,1252.3101808670092,0.0162230370330708,0.4665123446070164,0.1996281482426463,0.0110066521463547,0.0005177295797212,0.000360737020143,0.000194333338282,0.0005303983830953,0.0005303983830938,0.0001943333382813,0.0003202364006177,0.001065914501631,0.0008368079817437,0.0022737718769815,0.0002372993297803,0.0009167205036789,0.0007554189529104,0.0005652401246952,0.0002752226346259,0.0003037897286642,0.0006147018930745,0.0005135981753339,459.8192974994773,36.05388617829672,20323.60537682472,1.0,,
Seville,700.0,500.0,winter,0.37,7.0,6.0,39.57934698931107,15.06268982947404,0.18741254110884,0.3432990407461392,0.3319468357431837,0.0998842776385747,0.9255528248399716,solar,2390,4017,1952.7697665395203,0.0510256820923209,0.1630312305810224,1594.1530879723966,1794903.2459634205,490000.0,125000.0,1179903.2459634205,1432.7043851003982,1.0,0.0,21.637896825396822,0.48416100307146,8.870220209210468e-10,0.381845238095238,0.131961866532865,1.8571428571428568,4.934615384615385,8.244614546626393e-10,3.7333333311067207,0.5798611111111112,0.4900485030941629,2.142857142857143,6.4944444444444445,6.183460909969796e-09,111.12010172645743,0.3623015873015873,0.0100351229302558,1.7142857142857142,5.072222222222222,3.0917304549848985e-08,135.74999972019842,0.6240079365079365,0.4146178290684061,3.142857142857143,4.765151515151515,6.801807000966775e-08,552.1074784871107,21.366666666666667,1248.1351817657203,0.0139899574454032,0.481857683730919,0.2481157226746506,0.0097040034364506,0.000640417333911,0.0003580181321869,0.0002024857672706,0.0004839843656899,0.0004839843657403,0.0002024857672102,0.000414839383898,0.000676384411016,0.0011245092722799,0.0013859421137447,0.0002331954829901,0.0005977718796065,0.000962508801915,0.0002620462719545,0.00023240382314,0.0003379778156002,0.0007132779437429,0.0003917705045528,656.3192654690137,28.1781446155728,22878.556124416624,1.0,,
Seville,700.0,1500.0,summer,0.63,7.0,6.0,93.5062844939154,7.632860363854797,0.1148063625069616,0.3527283612743753,0.155285115322486,0.0999995833242539,0.6669970456100326,solar,332,2359,3115.7942537151325,2.640740907914581e-06,0.3150844508129107,3829.296816376421,2044903.2459634205,490000.0,375000.0,1179903.2459634205,1711.7106293002144,1.0,0.0,22.154761904761905,0.3735084123872516,1.0252649658688187e-09,0.4285714285714285,0.0649317837291561,1.0,10.285714285714286,8.244614546626393e-10,2.479999995023218,0.9134920634920636,0.8870641738251642,5.0,4.384761904761905,6.183460909969796e-09,73.85946867302225,0.5695436507936508,0.0730166750884285,3.0,4.556349206349206,3.0917304549848985e-08,284.2499994141172,0.9343253968253968,0.9019706922688226,2.0,11.211904761904762,6.801807000966775e-08,610.8873738475254,44.15,1251.0353458454122,0.0124531426817981,0.4370124218934576,0.0359202816276489,0.0101926742526575,0.0005376465341679,0.0002653583780006,0.00017922757972,0.0005112354094919,0.0005112354094839,0.0001792275797035,0.0002681980011448,0.0011266427934885,0.0007872350795085,0.0022507204141937,0.0002370960451634,0.0006223367285597,0.0008083949819233,0.0005080178177495,0.0002667138353091,0.0002856325551188,0.0004182193440043,0.0004295357659255,673.369541701655,46.35221493379439,18663.55885931648,1.0,,
Seville,700.0,1500.0,winter,0.37,7.0,6.0,39.4668699825184,18.032534224427096,0.1594810877985549,0.3058063687698593,0.1358610501521854,0.0999501512903995,0.716745181646184,solar,1056,2601,1937.973325570446,0.2215555619985728,0.1745054928694275,1574.2225869957294,2044903.2459634205,490000.0,375000.0,1179903.2459634205,1162.8863544999622,1.0,0.0,20.88095238095238,0.3151064035699828,8.241848553954525e-10,0.3179563492063492,0.0439872888442883,1.5714285714285714,4.8560606060606055,8.244614546626393e-10,1.519999997193559,0.6282738095238095,0.597424318447901,2.142857142857143,7.036666666666666,6.183460909969796e-09,31.30095457732533,0.3639880952380952,0.0205720020070245,2.2857142857142856,3.821875,3.0917304549848985e-08,136.24999971916785,0.6663690476190476,0.4664659642080615,1.7142857142857142,9.329166666666667,6.801807000966775e-08,551.0048565128363,22.85,1249.8082479900802,0.0057147853004905,0.467608883617596,0.0363332763852608,0.0079068903658629,0.0005816529122907,0.0001546892406214,0.0001482164625004,0.0003837511833732,0.0003837511833732,0.0001482164625004,0.0003304476574986,0.000633912825274,0.0008384707011582,0.0012457390770747,0.0001885117055019,0.000555607456741,0.0008365115453334,0.0002135959319305,0.0001768134235338,0.0002700251317622,0.0005068732623233,0.0003101042030711,492.4318562789987,20.85689139480668,24404.48258484144,1.0,,
Seville,700.0,2500.0,summer,0.63,7.0,6.0,96.04037003413605,8.638096650992084,0.107525898759763,0.3389575337638609,0.1136847714310883,0.0999968055989221,0.6058677161347066,solar,279,2610,3325.43932036808,2.0252707045311053e-06,0.3211537029812703,3915.459354860622,2294903.2459634207,490000.0,625000.0,1179903.2459634205,1202.3044789000414,1.0,0.0,22.410714285714285,0.3235752945423998,1.031179085465133e-09,0.3928571428571428,0.0,1.0,9.428571428571429,8.244614546626393e-10,1.6266666633376976,0.91875,0.8701364325416877,3.142857142857143,7.015909090909091,6.183460909969796e-09,76.15625204812645,0.6127976190476191,0.1748357756442647,1.0,14.707142857142856,3.0917304549848985e-08,304.7499993718635,0.9252976190476192,0.8782213239009601,0.8571428571428571,25.90833333333333,6.801807000966775e-08,612.5467458903221,45.833333333333336,1248.918546071146,0.01244040954455,0.4358213360231766,0.0150009198254996,0.0102007551027055,0.0004901411221831,0.0002789151489437,0.0001807798767521,0.0005116879230655,0.000511687923044,0.0001807798767685,0.0002693340545936,0.001161179821576,0.0007618145073168,0.002279566149325,0.000250122235095,0.0006885110137687,0.0007127808700395,0.0005016813835927,0.0002735747539891,0.0002873895689538,0.000426453103874,0.0004343557698234,673.2067034669602,48.41220697431662,18731.752435582694,1.0,,
Seville,700.0,2500.0,winter,0.37,7.0,6.0,44.637080537137074,18.501941908873107,0.1509333368608,0.3797702894860014,0.0890647087598778,0.0999808589386836,0.6384383309824586,solar,1388,2950,2184.3256649345376,0.0345006590229102,0.1796178495236371,1783.83639243382,2294903.2459634207,490000.0,625000.0,1179903.2459634205,1188.7279846002348,1.0,0.0,21.387896825396822,0.3212481425554928,8.818475326032755e-10,0.464484126984127,0.2545576183308246,1.2857142857142858,8.670370370370371,8.244614546626393e-10,6.1733333212369566,0.7354166666666667,0.6564642916875731,3.4285714285714284,5.147916666666666,6.183460909969796e-09,56.48670545074645,0.3672619047619048,0.0155544405418966,1.8571428571428568,4.746153846153846,3.0917304549848985e-08,115.74999976142152,0.7174603174603175,0.5746780398059876,2.142857142857143,8.035555555555556,6.801807000966775e-08,586.9967481431021,23.683333333333334,1249.7645373164812,0.0033333886328444,0.4411522226516838,0.0153495175865524,0.0088617467136042,0.0006366842886583,0.0001910226023932,0.0001613271884308,0.0004368201306762,0.0004368201306781,0.0001613271884325,0.0003546435052081,0.0006786012429531,0.0009059175966173,0.0013019577067996,0.0001836212884269,0.0005851651426879,0.0012491011386978,0.000236550367652,0.0001910235863896,0.0002851455013014,0.0005295271495594,0.0003364909580411,832.113330247809,26.059972698625696,23764.446099199464,1.0,,
Seville,1100.0,500.0,summer,0.63,7.0,6.0,114.72737484967396,6.053697706365795,0.3135699351384595,0.3013918431233127,0.6576908154702948,0.0999994443894519,0.9205763510316172,solar,588,5425,3226.0784699572914,5.532439809082727e-07,0.3753382660218567,4682.00923855842,2074903.2459634205,770000.0,125000.0,1179903.2459634205,555.34710289957,1.0,0.0,23.580357142857142,0.3178565968331577,1.813117359254047e-09,0.3809523809523809,0.0,1.0,9.142857142857142,8.244614546626393e-10,1.599999996702154,0.8940476190476191,0.8557352198079838,4.428571428571429,4.84516129032258,6.183460909969796e-09,76.4212803176784,0.9479166666666666,0.94188984335523,4.571428571428571,4.9765625,3.0917304549848985e-08,1163.499997601848,0.927281746031746,0.8974229408792319,1.0,22.254761904761903,6.801807000966775e-08,334.51157046270765,49.93333333333333,1265.180257971679,0.0226570071482674,0.8399553281547854,0.28992595968812,0.0140161980153454,0.0006557704784885,0.0005230919113812,0.0001902075964883,0.0007961404677169,0.0007961404677016,0.0001902075965026,0.0003284006697777,0.0014584575168209,0.0011619960062575,0.0028786720436523,0.0006808749134948,0.0003913969739487,0.0004683059187213,0.0012770731817731,0.0003099703959425,0.0003237140857776,0.0008098713879063,0.0007759064029928,360.6573969306984,31.80972820407996,23560.89096510204,1.0,,
Seville,1100.0,500.0,winter,0.37,7.0,6.0,61.64081905138702,11.210877277431422,0.2409955690605962,0.3877608071343932,0.5456629069581862,0.0999239791809887,0.8735246030721818,solar,1918,4725,2436.172823643266,0.051070794887548,0.2395647507753759,2476.936248045828,2074903.2459634205,770000.0,125000.0,1179903.2459634205,801.5287969000638,1.0,0.0,22.57936507936508,0.3211695504123493,1.4903134519170327e-09,0.4573412698412698,0.2002007024586051,1.7142857142857142,6.402777777777778,8.244614546626393e-10,4.14666665881568,0.7284722222222222,0.6036126442548921,3.857142857142857,4.532716049382716,6.183460909969796e-09,118.50568374078637,0.5596230158730159,0.3090817862518816,2.142857142857143,6.267777777777778,3.0917304549848985e-08,509.2499989503577,0.6425595238095239,0.4669677203545743,1.8571428571428568,8.303846153846154,6.801807000966775e-08,163.7656357608744,32.35,1262.518020045869,0.0240297061298317,0.9340100674699556,0.3985516146090157,0.0127205385043748,0.0006551720933396,0.0003836338209413,0.0001764154125707,0.0005153186721461,0.000515318672147,0.0001764154125755,0.000321168293153,0.0011168237162824,0.0013161562107401,0.0019884184552197,0.0002162547632177,0.0013200480329273,0.0008689549939699,0.0007985232370288,0.000231765937529,0.0003013394825235,0.0011238219301202,0.0006949893679422,247.72177841428424,26.84216424860791,26032.287164968384,1.0,,
Seville,1100.0,1500.0,summer,0.63,7.0,6.0,137.73905316114366,6.162261014731093,0.1931284180856088,0.3494988547128921,0.7128735862586005,0.099997360982757,0.9376515983689738,solar,0,1637,3316.252138127938,1.3099953595750928e-06,0.437035119699363,5355.502571825154,2324903.2459634207,770000.0,375000.0,1179903.2459634205,562.5141094997525,1.0,0.0,23.080357142857142,0.335630146632274,1.8121051948111982e-09,0.5416666666666666,0.2076806467913087,0.8571428571428571,15.166666666666666,8.244614546626393e-10,8.639999982191632,0.988095238095238,0.9696816574027286,0.1428571428571428,166.0,6.183460909969796e-09,65.76072430073644,0.9642857142857144,0.9221829206670036,0.1428571428571428,162.0,3.0917304549848985e-08,229.99999952593475,1.0,1.0,0.1428571428571428,168.0,0.0,235.28971095466005,62.516666666666666,1266.8855819459916,0.0144549168783933,0.8356790547142537,0.0704790939246679,0.0167381720903758,0.0004767039907104,0.0004673471405461,0.0001837918779194,0.0016757278642085,0.0016757278642107,0.0001837918779116,0.0002798579373937,0.0024957599198487,0.0006873572831855,0.0032906527892092,0.0008289572644679,0.0002364579613616,0.0005817515892209,0.0020514794259739,0.0003599990506921,0.0003345713344168,0.0004034141693853,0.0005248227497127,521.3086393204491,44.71568126684481,22077.58130677788,1.0,,
Seville,1100.0,1500.0,winter,0.37,7.0,6.0,70.55796829404757,11.717339239097369,0.1538136144461548,0.4373155617350658,0.4475687531679755,0.0999456637841239,0.8805426238331203,solar,1417,3944,2603.7093239768865,1.225353407003619e-07,0.2667501984878671,2693.608665124392,2324903.2459634207,770000.0,375000.0,1179903.2459634205,1024.1767746997066,1.0,0.0,22.50992063492064,0.316204027095828,1.5379434160039882e-09,0.5906746031746032,0.3478842615822043,1.2857142857142858,11.025925925925923,8.244614546626393e-10,5.439999989676123,0.7999007936507937,0.6934269944806823,1.5714285714285714,12.216666666666669,6.183460909969796e-09,63.62052475044071,0.6439484126984127,0.4281652450242516,1.1428571428571428,13.522916666666667,3.0917304549848985e-08,321.74999933682386,0.7973214285714286,0.7079779227295534,1.2857142857142858,14.883333333333333,6.801807000966775e-08,634.0482955339763,41.31666666666667,1262.9753296308277,0.0113974740009202,0.6707555036068843,0.078891073220367,0.0131405296983497,0.000676212248933,0.0004006582131215,0.0001723692086366,0.0004879795245803,0.0004879795246889,0.000172369208544,0.0003172089097261,0.0010227661008646,0.0015626144189821,0.0024444161954802,0.0002679544159688,0.0017801127663442,0.0011737276152213,0.0007629748765635,0.000242417522166,0.0002943076462473,0.0004894052334752,0.000385056068805,689.4918396603456,33.773397792599475,26902.80928666713,1.0,,
Seville,1100.0,2500.0,summer,0.63,7.0,6.0,148.64556268058664,6.634671574638881,0.140133122844201,0.3673393389608076,0.5987051910706805,0.1000435079688966,0.8838916049595837,solar,0,1510,3507.1801167954577,1.471625921969159e-06,0.4643561770169854,5644.140921734299,2574903.2459634207,770000.0,625000.0,1179903.2459634205,608.4706974998116,1.0,0.0,23.63492063492064,0.3137615447395503,1.820237076164079e-09,0.6190476190476191,0.3504295098534613,0.7142857142857143,20.8,8.244614546626393e-10,9.57999998042826,1.0,1.0,0.1428571428571428,168.0,0.0,65.9520025165331,0.9642857142857144,0.9221829206670036,0.1428571428571428,162.0,3.0917304549848985e-08,184.24999962023247,1.0,1.0,0.1428571428571428,168.0,0.0,67.18961312967664,73.56666666666666,1265.098185738164,0.0113186724382852,0.4495656361749613,0.0285337317016178,0.0181245158458922,0.0005313704649914,0.0003212768524974,0.0001624115375561,0.0028523244794647,0.0028523244795167,0.0001624115375309,0.0002191530926864,0.0020559193146614,0.0006526797386486,0.0033628496103901,0.0007190882173763,0.0002106869904783,0.0004939148757763,0.0019848310267495,0.0003618689870795,0.0003018558408283,0.0003725538707444,0.000506994928915,373.88378866838167,37.02207657250359,21628.354457408204,1.0,,
Seville,1100.0,2500.0,winter,0.37,7.0,6.0,72.29209806382896,12.98905084852005,0.152236985116744,0.4755839334485686,0.2577598744007084,0.0999680349198883,0.8218894399961366,solar,1064,4027,2723.0006160053163,5.347972315244457e-07,0.2712681526544793,2776.887261122092,2574903.2459634207,770000.0,625000.0,1179903.2459634205,1090.8332457002252,1.0,0.0,22.01884920634921,0.304431451484099,1.554268366294722e-09,0.6523809523809524,0.461281150694096,1.4285714285714286,10.96,8.244614546626393e-10,5.366666656013075,0.834920634920635,0.7507944472319786,1.4285714285714286,14.026666666666667,6.183460909969796e-09,47.30484182437715,0.6625,0.462117410938284,1.2857142857142858,12.366666666666667,3.0917304549848985e-08,512.2499989441742,0.7571428571428571,0.6402408429503261,0.7142857142857143,25.44,6.801807000966775e-08,493.10893788779066,40.88333333333333,1265.5582896903013,0.010280298102098,0.5795385014282952,0.0297026139347992,0.0110400595955867,0.0005321338257176,0.0002538394303235,0.0001933947611089,0.0004860725905643,0.000486072590578,0.0001933947610935,0.0002815410942457,0.0011198650057911,0.000999744645862,0.0018403191248998,0.0002070849728733,0.0011914089974572,0.0012383593280997,0.00045807746248,0.0002555999144812,0.0003049102568186,0.0005962459654492,0.0004019948677425,614.2335834363006,43.80582639883982,27103.096159962683,1.0,,
Seville,1500.0,500.0,summer,0.63,7.0,6.0,121.563501447708,6.4244663508882685,0.4605747054988884,0.3113243737168287,0.5663826097351322,0.0999997221587027,0.8672592882256415,solar,539,4591,2618.9365990710103,0.009713826504722,0.4037031497642052,4986.573760473789,2354903.2459634207,1050000.0,125000.0,1179903.2459634205,482.9556653997861,1.0,0.0,23.47023809523809,0.3109138070421833,2.3795065289315753e-09,0.4166666666666667,0.0,1.0,10.0,8.244614546626393e-10,0.6799999985984155,0.8750992063492063,0.7842344618494189,4.142857142857143,5.069540229885058,6.183460909969796e-09,87.68883185698103,0.8952380952380953,0.7880242546740778,2.7142857142857144,7.915789473684211,3.0917304549848985e-08,951.249998039328,0.893452380952381,0.8107630116220313,1.1428571428571428,18.7625,6.801807000966775e-08,135.35204974667212,59.4,1251.5196628110896,0.0280642707283775,0.8782765376714541,0.4273944565674401,0.012917562303454,0.0007219630005402,0.0005147862523298,0.0002335536460021,0.0006374587843186,0.0006374587842223,0.0002335536462795,0.0003611489344355,0.0013034384761352,0.0010808326764353,0.0029520678210402,0.0003623023054992,0.0005292736032928,0.0005126268090469,0.0010865771554583,0.0003578782067045,0.0003399852658275,0.0005483102656082,0.000504346670277,162.6797624164715,28.859617868912174,27831.28493154079,1.0,,
Seville,1500.0,500.0,winter,0.37,7.0,6.0,70.13944718566388,11.131231200916472,0.3700762265489947,0.4145085113960379,0.5714713836440264,0.0999160864944615,0.8753577816653381,solar,2118,5147,2791.003954435463,0.1457510917002358,0.2708205539748272,2828.1727333328085,2354903.2459634207,1050000.0,125000.0,1179903.2459634205,705.9915208998136,1.0,0.0,22.786706349206348,0.308983578569337,2.019570986336489e-09,0.4365079365079365,0.1251045325305235,2.0,5.238095238095238,8.244614546626393e-10,3.9133333387611655,0.7052579365079366,0.5544405418966383,6.142857142857143,2.7554263565891475,6.183460909969796e-09,119.70917816491551,0.595734126984127,0.3562468640240843,3.142857142857143,4.549242424242424,3.0917304549848985e-08,602.7499987576397,0.7165674603174603,0.5788593410269276,2.0,8.598809523809525,6.801807000966775e-08,337.37469968750514,37.86666666666667,1264.9786667533035,0.0337417058242248,1.0599545005584057,0.5624709351987696,0.012231826576534,0.0006581416207121,0.0004125334709816,0.0002101385550619,0.0005186138119538,0.0005186138118289,0.0002101385551811,0.0003371399058131,0.0010852483254644,0.0011956031116879,0.0019470026103207,0.0002439318219591,0.0013123190001712,0.0009060137925058,0.0010789860207014,0.0002707660075767,0.0003224382509709,0.0005794294392518,0.0004247684643908,412.998885665478,38.33936687374328,30645.38535067859,1.0,,
Seville,1500.0,1500.0,summer,0.63,7.0,6.0,141.2830706507131,6.553611117276268,0.3895423040955664,0.3805921721222022,0.5663121376210652,0.0999988887747761,0.9014096234118056,solar,0,1796,2302.3962990487144,1.869469872634492e-06,0.4533518871729206,5590.712007368503,2604903.2459634207,1050000.0,375000.0,1179903.2459634205,487.176299400162,1.0,0.0,24.043650793650794,0.3157456528731725,2.4829520852672613e-09,0.5714285714285714,0.2271349166245578,0.8571428571428571,16.0,8.244614546626393e-10,8.246666649693463,0.988095238095238,0.9696816574027286,0.1428571428571428,166.0,6.183460909969796e-09,53.10479379128874,0.9642857142857144,0.9221829206670036,0.1428571428571428,162.0,3.0917304549848985e-08,248.49999948780345,1.0,1.0,0.1428571428571428,168.0,0.0,128.11071452407225,68.1,1266.8532813971108,0.013993247731658,0.9211298526310048,0.1084134347005859,0.0181987378111595,0.0007192340270644,0.0004968066173483,0.0001768552975828,0.0012370648358583,0.0012370648358579,0.000176855297583,0.0002591901320767,0.0020491857962011,0.0019080157797465,0.0043117229331856,0.0008249799706234,0.0003422223403835,0.0005299104767028,0.0023558021414923,0.000358627179764,0.0003206073169436,0.0003812637574803,0.0005133290752642,485.4529599895925,41.72023152565367,27390.121742279945,1.0,,
Seville,1500.0,1500.0,winter,0.37,7.0,6.0,92.75815963972708,10.025461317674123,0.2386749748894736,0.5828879204434019,0.619796098335301,0.0999801582570353,0.9073677663290056,solar,896,4941,3324.864082863429,3.0317739262955e-07,0.3237452673949808,3522.4621703416688,2604903.2459634207,1050000.0,375000.0,1179903.2459634205,741.6707407999784,1.0,0.0,23.8234126984127,0.3192331365139652,2.377587784809529e-09,0.6888888888888889,0.5688242180966717,0.8571428571428571,19.288888888888888,8.244614546626393e-10,8.313333316666458,0.8634920634920635,0.777722027094832,0.5714285714285714,36.266666666666666,6.183460909969796e-09,52.05354993545717,0.9111111111111112,0.8549924736578023,0.5714285714285714,38.266666666666666,3.0917304549848985e-08,748.4999984572266,0.8518849206349206,0.7778892791436696,0.5714285714285714,35.77916666666667,6.801807000966775e-08,502.96660086656175,51.016666666666666,1267.1378163665047,0.0204848406580986,0.7700587254850955,0.1202006995491462,938.5299335051932,0.0007659896777278,0.000629216826732,0.0002372466594395,0.0005932840620995,0.0005932840609858,0.0002372466603066,0.0003784085657041,0.0015948913398057,0.002211875843843,0.0033190518234895,0.0004500755246305,938.5144294368056,0.0014369358977107,0.0008481737543346,0.0003353108870583,0.0003715231769193,0.000853496592069,0.0006480570349308,882.1562795523538,55.66710644956793,32705.445614389,1.0,0.0506902140000925,1.0
Seville,1500.0,2500.0,summer,0.63,7.0,6.0,147.4927188236486,7.155215078102624,0.357749609475705,0.3639290625974024,0.4566700368686436,0.0999986110509056,0.918627543237198,solar,2,1418,2083.964045407145,1.6263182272950872e-06,0.4762690917959565,5735.713866514081,2854903.2459634207,1050000.0,625000.0,1179903.2459634205,484.1081018000841,1.0,0.0,23.370039682539684,0.3149079379915733,2.488478026200222e-09,0.6071428571428571,0.2657908034360788,0.8571428571428571,17.0,8.244614546626393e-10,9.979999979429683,0.9998015873015872,1.0,0.4285714285714285,55.98888888888889,6.183460909969796e-09,53.65105859848202,0.9640873015873016,0.9221829206670036,0.4285714285714285,53.98888888888889,3.0917304549848985e-08,160.74999966866957,1.0,1.0,0.1428571428571428,168.0,0.0,83.90522893550953,75.18333333333334,1266.2842696607474,0.0112709824763502,0.8531039878127088,0.0446276942899431,0.0175557915092723,0.0006437857480285,0.0002520515998333,0.0001630242463955,0.0019906902647339,0.001990690264734,0.0001630242463955,0.0002186989178837,0.0022207244761691,0.0006773306132192,0.0032704227778638,0.0007307645064071,0.0002164930737292,0.0004826569598936,0.0029934610549764,0.0003598206090105,0.0003005400587574,0.0003738430864994,0.0005077690047414,520.6115262323383,42.703962217046985,27335.965791918883,1.0,,
Seville,1500.0,2500.0,winter,0.37,7.0,6.0,80.42120050421792,13.344135347400156,0.1598791446158397,0.5676707816131857,0.5850540001004154,0.0999797238391874,0.9421794389688454,solar,998,2747,2733.5247292203467,1.8216548640642338e-07,0.3520059141115039,2792.724398017749,2854903.2459634207,1050000.0,625000.0,1179903.2459634205,904.5437459000386,0.9995039682539684,0.0004960317460317,23.808531746031747,0.3077849496238207,2.505903564511924e-09,0.7765873015873016,0.6522829904666332,0.8571428571428571,21.744444444444444,8.244614546626393e-10,6.493333320448454,0.8474206349206349,0.759324301722696,0.7142857142857143,28.473333333333336,6.183460909969796e-09,49.10214760541589,0.8998015873015873,0.8369292523833417,0.7142857142857143,30.23333333333333,3.0917304549848985e-08,147.49999969597988,0.8436507936507937,0.7596588058203713,0.4285714285714285,47.24444444444444,6.801807000966775e-08,276.29379746496875,41.63333333333333,1264.6350512574768,0.0146064919709642,0.5066791288572675,0.0525226150221302,22833.113718982288,0.0005737419246156,0.0003800549615669,0.0002096328263754,0.0005570320400378,0.0005570320400381,0.000209632826375,0.0003500539893383,0.0012528400153652,0.0008527782618867,0.0025462624671433,0.0001893872991491,22833.10076663182,0.0027769506086182,0.0006573863107119,0.0003520892993635,0.0002991850757866,0.0007305670190056,0.0004577235039161,497.159853949745,37.75652533786007,30102.19141738869,1.0,0.0654234385220222,1.0
London,700.0,500.0,summer,0.63,7.0,6.0,51.30212923364085,11.566256036970422,0.1947361105348519,0.2478523142323821,0.2244877737566108,0.0999872571364438,0.6292464004541862,solar,1919,4779,2940.0360483361223,1.708015488846352e-06,0.2123412541363652,2106.385600292361,1794903.2459634205,490000.0,125000.0,1179903.2459634205,1186.082475999836,1.0,0.0,22.651785714285715,0.3051390101128842,1.0437466184604418e-09,0.3413690476190476,0.0,1.7142857142857142,4.779166666666667,8.244614546626393e-10,7.679999986038687,0.6402777777777777,0.4543524416135881,4.571428571428571,3.361458333333333,6.183460909969796e-09,107.09116209564974,0.5970238095238095,0.0363967242948134,4.0,3.582142857142857,3.0917304549848985e-08,345.7499992873562,0.7327380952380952,0.521383075523203,2.571428571428572,6.838888888888889,6.801807000966775e-08,429.66436422862,20.85,1239.6945264970493,0.0093802794963393,0.2494652325081649,0.2285565291938008,0.0113358359911914,0.000764046197331,0.0002812548475463,0.0001978008948347,0.0007174012657366,0.0007174012657626,0.000197800894797,0.0005425740761812,0.0007001052365349,0.0009344485729153,0.0017610756323271,0.0002861007112163,0.0006156643576897,0.0018074599766963,0.0002514683414551,0.0002336352788393,0.0003332160880294,0.0006044284173403,0.0003899539359576,502.4535000681794,21.36274358245041,21625.38932769079,1.0,,
London,700.0,500.0,winter,0.37,7.0,6.0,3.468120009981913,171.785277409199,0.2270069486730259,0.4335989082585651,0.3244310614101756,0.0999929925866996,0.6904781398719472,solar,2879,4669,697.0006171053375,3.365963696507398e-07,0.0682465409184734,80.39442444561209,1794903.2459634205,490000.0,125000.0,1179903.2459634205,628.6093175997958,1.0,0.0,21.101190476190474,0.301094039779393,7.33994440573922e-10,0.2700396825396825,0.0712803793716656,2.2857142857142856,2.8354166666666667,8.244614546626393e-10,2.419999995576434,0.3281746031746032,0.3137225844694724,1.0,7.876190476190476,6.183460909969796e-09,51.77254173288533,0.2467261904761905,0.0090397154712507,2.4285714285714284,2.4382352941176477,3.0917304549848985e-08,299.24999938319974,0.3933531746031746,0.266004742145821,3.7142857142857135,2.5416666666666665,6.801807000966775e-08,300.97508331664284,3.2666666666666666,1173.255198040147,0.0115209635236419,0.2303038171744146,0.3116255089286289,0.0119278832935008,0.0006454588179501,0.0002806985162839,0.0001382013707641,0.0003718610302728,0.0003718610302774,0.0001382013707561,0.0011338087662323,0.0001873850760528,0.0013985373083677,0.0010286161058068,0.0002024820147599,0.0028524424445337,0.0015923934234253,0.0001115367502097,0.0001502555087807,0.0002821582769946,0.0008107741131061,0.0002312113689261,186.1941837465978,5.259402140338105,26837.892696706214,1.0,,
London,700.0,1500.0,summer,0.63,7.0,6.0,55.40645914022757,12.803723808680893,0.1709471760515418,0.2517997958064175,0.1069049587349791,0.0999623940814805,0.5003902276218346,solar,1605,4531,3032.5127287433734,0.0050809368296086,0.2226705170192816,2259.683456501227,2044903.2459634205,490000.0,375000.0,1179903.2459634205,1233.5351026998833,1.0,0.0,22.3640873015873,0.3232888086377421,1.032657595778838e-09,0.4020833333333333,0.0,2.142857142857143,4.503333333333333,8.244614546626393e-10,7.60666665288148,0.6624007936507936,0.4719441916894146,2.857142857142857,5.564166666666667,6.183460909969796e-09,55.95941669449223,0.6129960317460318,0.0485289657264179,4.714285714285714,3.1207070707070708,3.0917304549848985e-08,358.49999926107654,0.8049603174603175,0.5966029723991507,1.5714285714285714,12.293939393939391,6.801807000966775e-08,721.7732612781341,22.066666666666663,1244.5570774603436,0.0034823912441675,0.3375548070187434,0.0353475790416689,0.011720609115423,0.0007795607205111,0.000198441120218,0.000183936505775,0.0008917026583894,0.0008917026583893,0.0001839365057751,0.0005327391677151,0.0007556844013376,0.0009130048764127,0.0017559349017374,0.0003715645314388,0.0006921733978259,0.0017438064182252,0.0002873436761378,0.0002502689376666,0.0003430022142557,0.0005373493373101,0.0004084570863012,754.3871792980868,21.367491565585368,19574.134914362385,1.0,,
London,700.0,1500.0,winter,0.37,7.0,6.0,3.2379668606057286,220.38506615598823,0.1966531053922886,0.3806916299795145,0.1620534234906208,0.1352226828817967,0.7002419480706275,sorbent saturated,169,2119,539.0290853071504,8.374026645308656e-07,0.0709138325260856,38.747066463290224,2044903.2459634205,490000.0,375000.0,1179903.2459634205,606.0302013000473,1.0,0.0,20.485119047619047,0.303380272221855,7.236447986446152e-10,0.3284722222222222,0.1896858328393598,2.0,3.9416666666666655,8.244614546626393e-10,4.433333325491024,0.5079365079365079,0.483995257854179,0.5714285714285714,21.33333333333333,6.183460909969796e-09,56.11175905278817,0.2689484126984127,0.0281564908120924,2.2857142857142856,2.823958333333333,3.0917304549848985e-08,281.9999994187547,0.2896825396825397,0.1926496739774748,1.8571428571428568,3.743589743589744,6.801807000966775e-08,332.1788645628718,2.816666666666667,1122.6343181122068,0.0027979168370506,0.5666846240142648,0.0254418535620282,0.0106126495939533,0.0003222018091241,0.0001409943412323,0.0001344201949817,0.0003333395864306,0.0003333395864306,0.0001344201949817,0.0008441930089097,0.0002032110270689,0.0009949516503002,0.0006681434658613,0.0001870341090369,0.0018544818341763,0.0025526303801303,9.992283395905415e-05,0.0001420215438127,0.000273758173592,0.0011922330603509,0.0002013527935733,11.589235774662647,11.5406286891561,19156.31127977826,1.0,,
London,700.0,2500.0,summer,0.63,7.0,6.0,67.33716559589699,12.21676266479883,0.1617442902424485,0.2254585752137294,0.065684243818496,0.0999651208809365,0.5001675522403469,solar,1244,4243,3033.92751941184,1.952201501628655e-06,0.2294551771988824,2759.4453272805745,2294903.2459634207,490000.0,625000.0,1179903.2459634205,1237.0246664001606,1.0,0.0,22.151785714285715,0.3145323766872198,1.028222025884925e-09,0.4138888888888888,0.0424628450106157,2.4285714285714284,4.090196078431372,8.244614546626393e-10,8.966666650118952,0.685218253968254,0.5098574461631786,3.2857142857142856,5.005072463768116,6.183460909969796e-09,51.80968522340888,0.6324404761904762,0.0485289657264179,4.0,3.794642857142857,3.0917304549848985e-08,409.49999915595777,0.8613095238095239,0.6329996966939642,1.8571428571428568,11.13076923076923,6.801807000966775e-08,597.4445455582489,28.183333333333334,1242.652111185489,0.00223100901665,0.3573193506972093,0.014654759368358,0.01173424344079,0.000906276578339,0.0003383460937778,0.000159984198803,0.0008741038984535,0.000874103898457,0.0001599841988006,0.0004812793647565,0.0007949217990672,0.0011092169692051,0.0019889477490244,0.0006070929182215,0.0007696189049655,0.0009333159635104,0.000324078512319,0.0002466493071485,0.0003417541868376,0.0004100100540401,0.0004145588450622,676.5946485287999,18.307700996513667,20334.550218765027,1.0,,
London,700.0,2500.0,winter,0.37,7.0,6.0,4.784949604135376,172.6189140414817,0.18432312265416392,0.22757070088276396,0.09110320605634166,0.09988568030354154,0.5007303957395344,sorbent saturated,2479,5001,770.1270597205845,7.132229452600096e-07,0.07328879046417774,109.6392414553664,2294903.2459634207,490000.0,625000.0,1179903.2459634205,619.5969813000011,1.0,0.0,21.11706349206349,0.3139412590278209,7.598687883503142e-10,0.3842261904761905,0.2083580320094843,1.4285714285714286,6.455,8.244614546626394e-10,4.659999991783861,0.35833333333333334,0.22391819798458804,1.2857142857142858,6.688888888888889,6.183460909969796e-09,61.43512678083423,0.3578373015873016,0.15352697095435686,1.4285714285714286,6.011666666666667,3.091730454984898e-08,353.2499992718976,0.3115079365079365,0.13633669235328985,2.0,3.738095238095238,6.801807000966775e-08,21.02528577375609,3.6666666666666665,1135.4691525967526,0.001189776301391237,0.16797130298731555,0.00940593397874266,0.009498754716879583,0.0005592890652050683,0.00013289505197389018,0.00014072178542081184,0.00035066808001395656,0.00035066808001395775,0.00014072178542080975,0.0008017045735261074,0.0002482983416335095,0.0009901004848698056,0.0007221602372221419,0.00016914275466495173,0.0015874115775498321,0.0013885046030710068,0.00010881465524472154,0.00015069029996322213,0.000281653431069374,0.0011523438150032445,0.00022296609501317295,9.51982184917997,9.440876699981153,18961.422421609248,1.0,,
London,1100.0,500.0,summer,0.63,7.0,6.0,91.70453100798704,7.529005032857215,0.23240868049978936,0.2435590414137068,0.5161740195410157,0.09995899256171324,0.9391682536683803,solar,918,5214,4768.088100847126,1.0205867169403268e-06,0.3163927290702289,3744.0138284719874,2074903.2459634205,770000.0,125000.0,1179903.2459634205,707.2533196000004,1.0,0.0,24.24206349206349,0.3104076999999694,1.6966444034568281e-09,0.5076388888888889,0.08492569002123142,2.0,6.091666666666667,8.244614546626394e-10,6.826666654071173,0.8104166666666667,0.6818319684561723,3.2857142857142856,5.9195652173913045,6.183460909969796e-09,102.9886355840196,0.8023809523809524,0.5768880800727935,2.857142857142857,6.74,3.091730454984898e-08,630.9999986994122,0.8405753968253968,0.640582347588717,1.4285714285714286,14.121666666666666,6.801807000966775e-08,464.0515827985897,35.75,1263.3202683052716,0.017316471549786976,0.47491351891413475,0.29507332143766934,0.013248720380608961,0.0006133255665902508,0.0006392666328059709,0.000267939106628706,0.0006403482900318779,0.0006403482900836993,0.00026793910655428224,0.0004691513511678619,0.001289700193421624,0.0010584142614430544,0.002473693838738593,0.00046010312517858593,0.0005391682216757557,0.0011858777256922844,0.0008138860020913756,0.0003485658347746127,0.000396991691970956,0.0006306617990897096,0.0005133393426697582,479.46962909763,31.598848833489868,21591.574401545306,1.0,,
London,1100.0,500.0,winter,0.37,7.0,6.0,14.321712687422785,47.79306479300283,0.25025555318691256,0.5122147721017585,0.317251145207174,0.09994987366228296,0.9149867344112905,solar,3730,5217,1142.7989697581893,1.2674649788042558e-06,0.10352113994015232,537.1341685851728,2074903.2459634205,770000.0,125000.0,1179903.2459634205,711.6348985000004,1.0,0.0,21.78769841269841,0.30378003759920424,1.345100255978957e-09,0.3217261904761905,0.06890930646117369,2.142857142857143,3.603333333333333,8.244614546626394e-10,3.7666666599696326,0.44990079365079366,0.35269709543568467,2.857142857142857,3.7791666666666663,6.183460909969796e-09,92.11151470578781,0.2390873015873016,0.0,1.1428571428571428,5.020833333333333,3.091730454984898e-08,118.74999975523806,0.5180555555555556,0.35981031416716064,3.0,4.144444444444444,6.801807000966775e-08,367.5247296839392,11.916666666666666,1206.270424847352,0.01703872299847507,0.5312218087310999,0.5450590792729317,0.009905731793091746,0.0006721324271763489,0.00027958919804134717,0.00019578282896519242,0.0004941144126856832,0.0004941144126772156,0.0001957828289816394,0.0007220725969799527,0.00045314771665109187,0.0012911545636173534,0.0009215202875674027,0.0002564921297339291,0.0005656294999371918,0.0013323657998234935,0.00018046570670159225,0.00021453114400643155,0.0003608957337694041,0.0009642550137690123,0.00031168549200746257,325.2186947716888,12.622041955915675,28961.93938547737,1.0,,
London,1100.0,1500.0,summer,0.63,7.0,6.0,98.78547639440607,8.293474696086994,0.17844805616695988,0.28691695400397926,0.3526064388231089,0.09999833333197757,0.9075181321409782,solar,593,3936,4411.831267169062,1.0473464383646085e-06,0.3412598293562055,3933.8769913513465,2324903.2459634207,770000.0,375000.0,1179903.2459634205,1025.7513803000002,1.0,0.0,22.928571428571427,0.30884345138893976,1.7389179199550887e-09,0.6899801587301587,0.48316651501364877,1.2857142857142858,12.87962962962963,8.244614546626394e-10,15.639999969844963,0.8785714285714286,0.7943585077343039,1.8571428571428572,11.353846153846153,6.183460909969796e-09,88.24692820244903,0.8021825396825397,0.562026084319078,1.8571428571428572,10.366666666666667,3.091730454984898e-08,372.2499992327357,0.9143849206349206,0.8738246891113133,0.7142857142857143,30.723333333333336,6.801807000966775e-08,547.2236810238923,39.36666666666667,1265.184840399941,0.009826321599467207,0.5027943913912994,0.06534407865237411,0.01271762424599053,0.0005723932073276846,0.0003090573142777383,0.00019038194753526978,0.0005821994114905716,0.0005821994114976383,0.00019038194753126004,0.0003948896050725216,0.0013765460372186522,0.0008392112844520729,0.0025425655731644084,0.0002450976859084355,0.0009610405036555643,0.0016387545390746786,0.0008236955914209166,0.0002988013740539473,0.00030331668104637244,0.00040621492283344086,0.00046087720842935765,858.157382110725,33.77036724911423,20807.327066527218,1.0,,
London,1100.0,1500.0,winter,0.37,7.0,6.0,16.357127052075175,49.14715732585789,0.22184517030859477,0.4488719867921032,0.17704792620875992,0.09988629168806781,0.5682478811357525,solar,1734,3578,1215.7430734954626,2.072437599003744e-06,0.10780232759470189,580.053623386765,2324903.2459634207,770000.0,375000.0,1179903.2459634205,730.6988781,1.0,0.0,21.10019841269841,0.3031366829364338,1.216151876348428e-09,0.42470238095238094,0.2740071132187315,1.1428571428571428,8.91875,8.244614546626394e-10,4.993333323864691,0.4330357142857143,0.34380557202133966,0.8571428571428571,12.125,6.183460909969796e-09,31.182530962531377,0.29484126984126985,0.03408417308832246,1.4285714285714286,4.953333333333333,3.091730454984898e-08,115.24999976245208,0.45654761904761904,0.3673681090693539,1.5714285714285714,6.972727272727273,6.801807000966775e-08,171.23886393189744,10.666666666666666,1218.9424667349874,0.0038634339564181204,0.44747276361941113,0.058474101792752045,0.009187870280906944,0.0004431868320567831,0.00014767467717606675,0.00013750923402818817,0.0004128774998904015,0.00041287749989040465,0.00013750923402818774,0.0006301661101007616,0.0003652064022194163,0.00095265969487134,0.0009130071908507827,0.000189309449832113,0.0011183554812201509,0.0015808614957503492,0.00012429139060454183,0.00015535044492865396,0.0002805596565012729,0.0009327594673761303,0.00025370851958139923,285.2704961661613,14.68738780391152,24636.684143150716,1.0,,
London,1100.0,2500.0,summer,0.63,7.0,6.0,105.55449801320614,8.903150815973893,0.16261418381279782,0.3118903203084905,0.2617642734987234,0.10004492232350624,0.8295815911525979,solar,72,3675,4481.526841046172,1.80146779570786e-06,0.35135275652683345,4168.485839364546,2574903.2459634207,770000.0,625000.0,1179903.2459634205,1272.4343482000004,1.0,0.0,22.756944444444443,0.3081054556547705,1.7017434405622628e-09,0.6637896825396825,0.43797391568092203,0.7142857142857143,22.303333333333335,8.244614546626394e-10,11.846666643688783,0.9154761904761904,0.8547164088565362,0.7142857142857143,30.76,6.183460909969796e-09,97.29999979973172,0.8551587301587301,0.7088262056414922,0.42857142857142855,47.888888888888886,3.091730454984898e-08,337.7499993038454,0.9237103174603175,0.8607825295723385,0.42857142857142855,51.72777777777778,6.801807000966775e-08,594.7857584198177,46.2,1265.0536426935998,0.007808844946103298,0.5605970377638811,0.02420157386779998,0.011752536712432215,0.0004959893504275383,0.0002594400885547136,0.00018250635104716384,0.0006238214421585693,0.0006238214421585749,0.00018250635104716318,0.00039600005297607836,0.0012817383226824402,0.000724878420393219,0.002489598721668581,0.00022579986758118747,0.0010329279747259444,0.001104524414298079,0.00062087761064152,0.0003005403887340654,0.00028786791824884835,0.00046397714156886933,0.0004557208535196578,771.241414110671,38.6549993712586,20218.799016156892,1.0,,
London,1100.0,2500.0,winter,0.37,7.0,6.0,16.701707825586205,54.961147979553736,0.21341724276399182,0.45730821345637584,0.11164784828491027,0.09988923120806911,0.5013615676005737,solar,1698,4214,1393.9992737900573,1.2778405625984608e-06,0.10963396100727862,589.225839671513,2574903.2459634207,770000.0,625000.0,1179903.2459634205,671.7238692999999,1.0,0.0,21.424603174603174,0.3027948431546996,1.3172199729828156e-09,0.32470238095238096,0.20524599881446354,1.1428571428571428,6.81875,8.244614546626394e-10,3.4133333268384507,0.4099206349206349,0.3347658565500889,1.0,9.838095238095237,6.183460909969796e-09,29.920245816019985,0.37996031746031744,0.15056312981624184,1.2857142857142858,7.092592592592593,3.091730454984898e-08,316.4999993476449,0.4626984126984127,0.3398043864848844,2.4285714285714284,4.572549019607843,6.801807000966775e-08,283.4841208065543,9.383333333333333,1208.3115446401703,0.002058365390292419,0.27713142574334726,0.022918019864665417,0.010747056244965383,0.0006061215250380203,0.00014590766155402884,0.000147791157444926,0.00045889355382019883,0.00045889355382342634,0.0001477911574415103,0.0007176795583970503,0.0003974697648584249,0.0010454763082566906,0.0009592889455873448,0.0001940417935412998,0.0017621086743891032,0.0018846945771609836,0.00013524882266106425,0.00016903136832886365,0.00030184919526046343,0.0009430156777190836,0.0002717529496828998,88.81353335354555,17.830426965426923,23535.609786034533,1.0,,
London,1500.0,500.0,summer,0.63,7.0,6.0,104.64501380825136,7.462953607696343,0.35605811845149626,0.30975904040578484,0.5680550784432871,0.09997278140799004,0.9152846480599551,solar,511,5149,5443.489849641067,2.402279740537061e-06,0.36169896309199245,4276.249302595267,2354903.2459634207,1050000.0,125000.0,1179903.2459634205,646.4525927000032,1.0,0.0,24.319444444444443,0.320125840674672,2.3970619580036133e-09,0.4226190476190476,0.0,1.0,10.142857142857142,8.244614546626394e-10,4.239999992150065,0.902281746031746,0.8180163785259327,2.0,10.827380952380953,6.183460909969796e-09,91.52589553189374,0.8549603174603174,0.6997270245677889,1.5714285714285714,13.057575757575757,3.091730454984898e-08,708.4999985396728,0.8610119047619048,0.764937822262663,1.0,20.664285714285715,6.801807000966775e-08,257.24582452241003,43.71666666666667,1266.2593685985203,0.020167754240588854,0.636881464843871,0.384853585703834,0.017423312459938257,0.0006027626034118947,0.0004928088077032215,0.00022165769554648488,0.0006992054596289151,0.0006992054597870443,0.00022165769544242386,0.0003932793609446295,0.0014531952773975563,0.001742618528010225,0.003332678775658882,0.0005964066641413987,0.0008632302616024221,0.0014042190575380374,0.0013809554595706204,0.0003282140724421672,0.0003490319085715086,0.001399959582770515,0.0012422257897703125,245.78530048780755,28.534563126898107,24138.844282266717,1.0,,
London,1500.0,500.0,winter,0.37,7.0,6.0,29.43637525339448,26.32607880344881,0.26840834624625387,0.41343888962493563,0.37360080064104556,0.09986675546334745,0.8503726623404891,solar,3710,5367,1313.8306014327643,4.0104078540998955e-07,0.13666699297918555,1160.2180552039663,2354903.2459634207,1050000.0,125000.0,1179903.2459634205,721.5568787000011,1.0,0.0,21.240079365079364,0.3563784003968031,1.9023465243989618e-09,0.36160714285714285,0.13070539419087138,3.0,2.892857142857143,8.244614546626394e-10,6.126666658051299,0.4359126984126984,0.3103141671606402,2.857142857142857,3.6616666666666666,6.183460909969796e-09,72.9539657724433,0.3070436507936508,0.05705394190871369,2.7142857142857144,2.7149122807017547,3.091730454984898e-08,153.49999968361294,0.4893849206349206,0.3320983995257854,2.0,5.872619047619048,6.801807000966775e-08,41.309269467778805,17.933333333333334,1237.595547287937,0.018525407405613863,0.9360727580527659,0.5984607047090729,0.009388776826885626,0.0006538801548554464,0.00019533282900952866,0.00015152253665734225,0.0005148355433973532,0.0005148355433972107,0.00015152253665731832,0.0007459999611348499,0.0005057950450040268,0.0011013791188948616,0.0011260222716358251,0.00018769170499437262,0.0007487543974708976,0.0007431889241972687,0.000170409674088584,0.0001826542033928431,0.0003120531363375014,0.0010946978488407136,0.00028820139691968205,48.500535148688385,10.501927550288622,26565.24783980666,1.0,,
London,1500.0,1500.0,summer,0.63,7.0,6.0,120.10723334943859,7.655066255216762,0.2992106164999753,0.3022237255896849,0.49142055764520925,0.0999739482847389,0.905558278305174,solar,319,3666,6002.227434843744,3.152584679896127e-06,0.39474729308361134,4746.764478207282,2604903.2459634207,1050000.0,375000.0,1179903.2459634205,707.0524928000013,1.0,0.0,23.078373015873016,0.33839740267855256,2.419011358956341e-09,0.6183531746031746,0.37670609645131936,1.0,14.840476190476192,8.244614546626394e-10,14.653333303657403,0.9385912698412698,0.8522899605702153,1.0,22.526190476190475,6.183460909969796e-09,89.46493793801265,0.8854166666666666,0.7330906885047013,0.7142857142857143,29.75,3.091730454984898e-08,385.2499992059407,0.8926587301587302,0.813466787989081,0.7142857142857143,29.993333333333332,6.801807000966775e-08,159.65855141059214,63.233333333333334,1267.1210886655838,0.009729022306394969,0.744362093143082,0.09140895873809168,0.01692573225996323,0.0005752368196201371,0.0003315702690425827,0.00017237550575311368,0.0018753061366123304,0.001875306136610948,0.00017237550575551608,0.0003071728927704044,0.0018058663632061444,0.0007735299034135604,0.0027427205374150445,0.000513407367071325,0.0008273853238894034,0.0011523678491063684,0.0020931285443630187,0.00032888540431846126,0.00031775356185155724,0.0005749483033146725,0.00048639583584864126,627.4381661976474,43.746851624441085,22580.76827044442,1.0,,
London,1500.0,1500.0,winter,0.37,7.0,6.0,30.99151195728857,28.943872939600944,0.2199358891143793,0.556504141769576,0.22641360145976444,0.0998663388434435,0.7664215069756249,solar,2604,4646,1436.3218023804643,9.585475596149233e-08,0.1496314938962048,1164.6165785792277,2604903.2459634207,1050000.0,375000.0,1179903.2459634205,791.5705035000028,1.0,0.0,21.425595238095237,0.366154602579331,1.919771956172287e-09,0.4376984126984127,0.2514819205690575,1.7142857142857142,6.127777777777777,8.244614546626394e-10,7.3866666532078895,0.5115079365079365,0.4164196799051571,1.4285714285714286,8.593333333333334,6.183460909969796e-09,31.51941138243103,0.3413690476190476,0.09202726733847066,1.2857142857142858,6.372222222222223,3.091730454984898e-08,180.7499996274465,0.5886904761904762,0.4318316538233551,2.0,7.064285714285715,6.801807000966775e-08,173.2281115180812,20.266666666666666,1220.4077184436799,0.005915254692254194,0.7883122216242691,0.10411688615390892,0.009250883979596974,0.0006757947983046993,0.00016488721637802258,0.0001561926379176142,0.0004901410154841154,0.0004901410154841077,0.00015619263791761528,0.0006379489875230547,0.0005108787679418111,0.0011210897019767237,0.0011640814939925192,0.00020521047664521282,0.0006152121206696156,0.0010163852925190303,0.0001552367394672736,0.0001862790595753584,0.0003100553963593166,0.0008876144252538934,0.00030754219618699086,245.17224242249256,18.88483851022056,30568.31244551052,1.0,,
London,1500.0,2500.0,summer,0.63,7.0,6.0,125.61222038742088,8.331421773865264,0.2670267605713903,0.3319438701845169,0.3912668675910629,0.09999524464545267,0.9067222370603564,solar,80,3314,6261.679877932496,3.3017088954655567e-06,0.41523531359767324,4882.288812226977,2854903.2459634207,1050000.0,625000.0,1179903.2459634205,895.551432100001,1.0,0.0,23.009920634920636,0.4124683262897749,2.4330331433498637e-09,0.6845238095238095,0.44980285107673645,0.7142857142857143,23.0,8.244614546626394e-10,13.793333305556283,0.9682539682539683,0.9193205944798302,0.7142857142857143,32.53333333333333,6.183460909969796e-09,96.99999980026367,0.9285714285714286,0.8604792235365484,0.2857142857142857,78.0,3.091730454984898e-08,397.999999179661,0.9512896825396825,0.9196239005156203,0.7142857142857143,31.96333333333333,6.801807000966775e-08,88.0908516344459,67.21666666666667,1265.0966899384737,0.011072993240875328,0.43590680560372824,0.03919778617376844,0.01705166300581444,0.0005832627442494656,0.000268773770345998,0.00016308815510864254,0.0024555148899191885,0.002455514889880344,0.00016308815514760503,0.00023716498997716645,0.0016496660994061445,0.000777233789082939,0.0029342544193856333,0.0005291582072860213,0.0002527312231517421,0.0013782277545373684,0.001666860848478757,0.00032602734586635433,0.0003083269685660144,0.00041587251987337267,0.00048689623555167935,556.2116856584372,45.78277351972574,22995.856385553354,1.0,,
London,1500.0,2500.0,winter,0.37,7.0,6.0,33.31075934078115,30.47038954183997,0.2117335969813134,0.6391316643286854,0.1686113457280926,0.09986895826358731,0.5263383873648065,solar,2010,4526,1435.692367477849,1.3204084195497974e-07,0.15404719615212764,1229.632632592087,2854903.2459634207,1050000.0,625000.0,1179903.2459634205,1014.2326317000006,1.0,0.0,21.172619047619047,0.40609406934518916,1.805713892737601e-09,0.5064484126984127,0.33684054534676944,1.8571428571428572,6.544871794871795,8.244614546626394e-10,7.499999986308425,0.5704365079365079,0.5057794902193242,1.8571428571428572,7.371794871794871,6.183460909969796e-09,38.66727682195672,0.41041666666666665,0.1757557794902193,1.5714285714285714,6.2681818181818185,3.091730454984898e-08,342.2499992945702,0.6452380952380953,0.5428275044457617,2.2857142857142856,6.775,6.801807000966775e-08,469.9493247234696,22.316666666666666,1220.0977746021854,0.004047637988608108,0.6976860625104426,0.03721717653208975,0.008786743475800366,0.0006056129165166414,0.0001489579106685273,0.00014937232839533083,0.0004352939098912244,0.0004352939098912122,0.00014937232839533875,0.000612813109383222,0.0004906217655637472,0.0009934139229447047,0.0011238122167042896,0.00019476181950931178,0.0006311364334300207,0.0011753213608730534,0.00015860056565953154,0.0001744933844774007,0.0002924859383931207,0.0007052228654352761,0.0003101567896684113,757.0303564976571,24.128049101006855,27685.014935617433,1.0,,
