site,pv_kwp,battery_kwh,mult,capex,stress,battery_life_yr,cash_day,ch4_kg_per_day,payback
London,700.0,500.0,0.0,615000.0,1.422706905822772,10.242813194402485,150.66444987706916,33.603545820887035,inf
London,700.0,500.0,0.025,644497.5811490855,1.422706905822772,10.242813194402485,148.2399911524868,33.603545820887035,inf
London,700.0,500.0,0.05,673995.1622981711,1.422706905822772,10.242813194402485,145.81553242790443,33.603545820887035,inf
London,700.0,500.0,0.075,703492.7434472565,1.422706905822772,10.242813194402485,143.39107370332206,33.603545820887035,inf
London,700.0,500.0,0.1,732990.324596342,1.422706905822772,10.242813194402485,140.9666149787397,33.603545820887035,inf
London,700.0,500.0,0.125,762487.9057454276,1.422706905822772,10.242813194402485,138.5421562541573,33.603545820887035,inf
London,700.0,500.0,0.15,791985.4868945131,1.422706905822772,10.242813194402485,136.11769752957494,33.603545820887035,inf
London,700.0,500.0,0.175,821483.0680435987,1.422706905822772,10.242813194402485,133.69323880499257,33.603545820887035,inf
London,700.0,500.0,0.2,850980.6491926841,1.422706905822772,10.242813194402485,131.2687800804102,33.603545820887035,inf
London,700.0,500.0,0.225,880478.2303417696,1.422706905822772,10.242813194402485,128.84432135582784,33.603545820887035,inf
London,700.0,500.0,0.25,909975.8114908552,1.422706905822772,10.242813194402485,126.41986263124546,33.603545820887035,inf
London,700.0,500.0,0.275,939473.3926399406,1.422706905822772,10.242813194402485,123.9954039066631,33.603545820887035,inf
London,700.0,500.0,0.3,968970.9737890263,1.422706905822772,10.242813194402485,121.57094518208072,33.603545820887035,inf
London,700.0,500.0,0.325,998468.5549381117,1.422706905822772,10.242813194402485,119.14648645749836,33.603545820887035,inf
London,700.0,500.0,0.35,1027966.1360871972,1.422706905822772,10.242813194402485,116.72202773291598,33.603545820887035,inf
London,700.0,500.0,0.375,1057463.7172362828,1.422706905822772,10.242813194402485,114.2975690083336,33.603545820887035,inf
London,700.0,500.0,0.4,1086961.2983853682,1.422706905822772,10.242813194402485,111.87311028375125,33.603545820887035,inf
London,700.0,500.0,0.425,1116458.8795344536,1.422706905822772,10.242813194402485,109.44865155916887,33.603545820887035,inf
London,700.0,500.0,0.45,1145956.4606835393,1.422706905822772,10.242813194402485,107.0241928345865,33.603545820887035,inf
London,700.0,500.0,0.475,1175454.041832625,1.422706905822772,10.242813194402485,104.59973411000412,33.603545820887035,inf
London,700.0,500.0,0.5,1204951.6229817104,1.422706905822772,10.242813194402485,102.17527538542176,33.603545820887035,inf
London,700.0,500.0,0.525,1234449.2041307958,1.422706905822772,10.242813194402485,99.75081666083939,33.603545820887035,inf
London,700.0,500.0,0.55,1263946.7852798812,1.422706905822772,10.242813194402485,97.32635793625703,33.603545820887035,inf
London,700.0,500.0,0.575,1293444.3664289669,1.422706905822772,10.242813194402485,94.90189921167463,33.603545820887035,inf
London,700.0,500.0,0.6,1322941.9475780525,1.422706905822772,10.242813194402485,92.47744048709225,33.603545820887035,inf
London,700.0,500.0,0.625,1352439.528727138,1.422706905822772,10.242813194402485,90.0529817625099,33.603545820887035,inf
London,700.0,500.0,0.65,1381937.1098762234,1.422706905822772,10.242813194402485,87.62852303792754,33.603545820887035,inf
London,700.0,500.0,0.675,1411434.6910253088,1.422706905822772,10.242813194402485,85.20406431334517,33.603545820887035,inf
London,700.0,500.0,0.7,1440932.2721743945,1.422706905822772,10.242813194402485,82.77960558876278,33.603545820887035,inf
London,700.0,500.0,0.725,1470429.85332348,1.422706905822772,10.242813194402485,80.3551468641804,33.603545820887035,inf
London,700.0,500.0,0.75,1499927.4344725653,1.422706905822772,10.242813194402485,77.93068813959805,33.603545820887035,inf
London,700.0,500.0,0.775,1529425.015621651,1.422706905822772,10.242813194402485,75.50622941501567,33.603545820887035,inf
London,700.0,500.0,0.8,1558922.5967707364,1.422706905822772,10.242813194402485,73.08177069043333,33.603545820887035,inf
London,700.0,500.0,0.825,1588420.1779198218,1.422706905822772,10.242813194402485,70.65731196585097,33.603545820887035,inf
London,700.0,500.0,0.85,1617917.7590689075,1.422706905822772,10.242813194402485,68.23285324126857,33.603545820887035,inf
London,700.0,500.0,0.875,1647415.340217993,1.422706905822772,10.242813194402485,65.8083945166862,33.603545820887035,inf
London,700.0,500.0,0.9,1676912.9213670786,1.422706905822772,10.242813194402485,63.38393579210381,33.603545820887035,inf
London,700.0,500.0,0.925,1706410.502516164,1.422706905822772,10.242813194402485,60.95947706752145,33.603545820887035,inf
London,700.0,500.0,0.95,1735908.0836652496,1.422706905822772,10.242813194402485,58.535018342939054,33.603545820887035,inf
London,700.0,500.0,0.975,1765405.664814335,1.422706905822772,10.242813194402485,56.11055961835672,33.603545820887035,inf
London,700.0,500.0,1.0,1794903.2459634205,1.422706905822772,10.242813194402485,53.68610089377435,33.603545820887035,inf
London,700.0,1500.0,0.0,865000.0,1.7605791051617952,11.282208228655739,145.11587305526533,36.10411699676749,inf
London,700.0,1500.0,0.025,894497.5811490855,1.7605791051617952,11.282208228655739,142.69141433068296,36.10411699676749,inf
London,700.0,1500.0,0.05,923995.1622981711,1.7605791051617952,11.282208228655739,140.26695560610057,36.10411699676749,inf
London,700.0,1500.0,0.075,953492.7434472565,1.7605791051617952,11.282208228655739,137.84249688151823,36.10411699676749,inf
London,700.0,1500.0,0.1,982990.324596342,1.7605791051617952,11.282208228655739,135.41803815693584,36.10411699676749,inf
London,700.0,1500.0,0.125,1012487.9057454276,1.7605791051617952,11.282208228655739,132.99357943235347,36.10411699676749,inf
London,700.0,1500.0,0.15,1041985.4868945131,1.7605791051617952,11.282208228655739,130.5691207077711,36.10411699676749,inf
London,700.0,1500.0,0.175,1071483.0680435987,1.7605791051617952,11.282208228655739,128.1446619831887,36.10411699676749,inf
London,700.0,1500.0,0.2,1100980.649192684,1.7605791051617952,11.282208228655739,125.72020325860636,36.10411699676749,inf
London,700.0,1500.0,0.225,1130478.2303417698,1.7605791051617952,11.282208228655739,123.29574453402397,36.10411699676749,inf
London,700.0,1500.0,0.25,1159975.8114908552,1.7605791051617952,11.282208228655739,120.87128580944162,36.10411699676749,inf
London,700.0,1500.0,0.275,1189473.3926399406,1.7605791051617952,11.282208228655739,118.44682708485925,36.10411699676749,inf
London,700.0,1500.0,0.3,1218970.9737890263,1.7605791051617952,11.282208228655739,116.02236836027687,36.10411699676749,inf
London,700.0,1500.0,0.325,1248468.5549381117,1.7605791051617952,11.282208228655739,113.5979096356945,36.10411699676749,inf
London,700.0,1500.0,0.35,1277966.1360871973,1.7605791051617952,11.282208228655739,111.17345091111211,36.10411699676749,inf
London,700.0,1500.0,0.375,1307463.7172362828,1.7605791051617952,11.282208228655739,108.74899218652975,36.10411699676749,inf
London,700.0,1500.0,0.4,1336961.2983853682,1.7605791051617952,11.282208228655739,106.32453346194738,36.10411699676749,inf
London,700.0,1500.0,0.425,1366458.8795344536,1.7605791051617952,11.282208228655739,103.90007473736502,36.10411699676749,inf
London,700.0,1500.0,0.45,1395956.4606835393,1.7605791051617952,11.282208228655739,101.47561601278265,36.10411699676749,inf
London,700.0,1500.0,0.475,1425454.041832625,1.7605791051617952,11.282208228655739,99.05115728820027,36.10411699676749,inf
London,700.0,1500.0,0.5,1454951.6229817104,1.7605791051617952,11.282208228655739,96.62669856361791,36.10411699676749,inf
London,700.0,1500.0,0.525,1484449.2041307958,1.7605791051617952,11.282208228655739,94.20223983903554,36.10411699676749,inf
London,700.0,1500.0,0.55,1513946.7852798812,1.7605791051617952,11.282208228655739,91.77778111445316,36.10411699676749,inf
London,700.0,1500.0,0.575,1543444.3664289669,1.7605791051617952,11.282208228655739,89.35332238987078,36.10411699676749,inf
London,700.0,1500.0,0.6,1572941.9475780525,1.7605791051617952,11.282208228655739,86.92886366528842,36.10411699676749,inf
London,700.0,1500.0,0.625,1602439.528727138,1.7605791051617952,11.282208228655739,84.50440494070605,36.10411699676749,inf
London,700.0,1500.0,0.65,1631937.1098762234,1.7605791051617952,11.282208228655739,82.07994621612369,36.10411699676749,inf
London,700.0,1500.0,0.675,1661434.6910253088,1.7605791051617952,11.282208228655739,79.65548749154132,36.10411699676749,inf
London,700.0,1500.0,0.7,1690932.2721743945,1.7605791051617952,11.282208228655739,77.23102876695893,36.10411699676749,inf
London,700.0,1500.0,0.725,1720429.85332348,1.7605791051617952,11.282208228655739,74.80657004237653,36.10411699676749,inf
London,700.0,1500.0,0.75,1749927.4344725653,1.7605791051617952,11.282208228655739,72.3821113177942,36.10411699676749,inf
London,700.0,1500.0,0.775,1779425.015621651,1.7605791051617952,11.282208228655739,69.9576525932118,36.10411699676749,inf
London,700.0,1500.0,0.8,1808922.5967707364,1.7605791051617952,11.282208228655739,67.53319386862947,36.10411699676749,inf
London,700.0,1500.0,0.825,1838420.1779198218,1.7605791051617952,11.282208228655739,65.1087351440471,36.10411699676749,inf
London,700.0,1500.0,0.85,1867917.7590689075,1.7605791051617952,11.282208228655739,62.68427641946471,36.10411699676749,inf
London,700.0,1500.0,0.875,1897415.340217993,1.7605791051617952,11.282208228655739,60.259817694882344,36.10411699676749,inf
London,700.0,1500.0,0.9,1926912.9213670786,1.7605791051617952,11.282208228655739,57.83535897029998,36.10411699676749,inf
London,700.0,1500.0,0.925,1956410.502516164,1.7605791051617952,11.282208228655739,55.410900245717585,36.10411699676749,inf
London,700.0,1500.0,0.95,1985908.0836652496,1.7605791051617952,11.282208228655739,52.98644152113522,36.10411699676749,inf
London,700.0,1500.0,0.975,2015405.664814335,1.7605791051617952,11.282208228655739,50.561982796552854,36.10411699676749,inf
London,700.0,1500.0,1.0,2044903.2459634205,1.7605791051617952,11.282208228655739,48.13752407197049,36.10411699676749,inf
London,700.0,2500.0,0.0,1115000.0,1.701886467784177,12.081073930648607,173.11045326547372,44.19284567894519,inf
London,700.0,2500.0,0.025,1144497.5811490854,1.701886467784177,12.081073930648607,170.6859945408914,44.19284567894519,inf
London,700.0,2500.0,0.05,1173995.162298171,1.701886467784177,12.081073930648607,168.261535816309,44.19284567894519,inf
London,700.0,2500.0,0.075,1203492.7434472565,1.701886467784177,12.081073930648607,165.83707709172666,44.19284567894519,inf
London,700.0,2500.0,0.1,1232990.3245963422,1.701886467784177,12.081073930648607,163.41261836714426,44.19284567894519,inf
London,700.0,2500.0,0.125,1262487.9057454276,1.701886467784177,12.081073930648607,160.98815964256187,44.19284567894519,inf
London,700.0,2500.0,0.15,1291985.486894513,1.701886467784177,12.081073930648607,158.56370091797953,44.19284567894519,inf
London,700.0,2500.0,0.175,1321483.0680435987,1.701886467784177,12.081073930648607,156.13924219339714,44.19284567894519,inf
London,700.0,2500.0,0.2,1350980.649192684,1.701886467784177,12.081073930648607,153.71478346881474,44.19284567894519,inf
London,700.0,2500.0,0.225,1380478.2303417698,1.701886467784177,12.081073930648607,151.29032474423238,44.19284567894519,inf
London,700.0,2500.0,0.25,1409975.8114908552,1.701886467784177,12.081073930648607,148.86586601965,44.19284567894519,inf
London,700.0,2500.0,0.275,1439473.3926399406,1.701886467784177,12.081073930648607,146.44140729506768,44.19284567894519,inf
London,700.0,2500.0,0.3,1468970.9737890263,1.701886467784177,12.081073930648607,144.01694857048528,44.19284567894519,inf
London,700.0,2500.0,0.325,1498468.5549381117,1.701886467784177,12.081073930648607,141.59248984590292,44.19284567894519,inf
London,700.0,2500.0,0.35,1527966.1360871973,1.701886467784177,12.081073930648607,139.16803112132052,44.19284567894519,inf
London,700.0,2500.0,0.375,1557463.7172362828,1.701886467784177,12.081073930648607,136.74357239673816,44.19284567894519,inf
London,700.0,2500.0,0.4,1586961.2983853682,1.701886467784177,12.081073930648607,134.3191136721558,44.19284567894519,inf
London,700.0,2500.0,0.425,1616458.8795344536,1.701886467784177,12.081073930648607,131.89465494757346,44.19284567894519,inf
London,700.0,2500.0,0.45,1645956.4606835393,1.701886467784177,12.081073930648607,129.47019622299106,44.19284567894519,inf
London,700.0,2500.0,0.475,1675454.041832625,1.701886467784177,12.081073930648607,127.04573749840867,44.19284567894519,inf
London,700.0,2500.0,0.5,1704951.6229817104,1.701886467784177,12.081073930648607,124.6212787738263,44.19284567894519,inf
London,700.0,2500.0,0.525,1734449.2041307958,1.701886467784177,12.081073930648607,122.19682004924394,44.19284567894519,inf
London,700.0,2500.0,0.55,1763946.7852798812,1.701886467784177,12.081073930648607,119.77236132466157,44.19284567894519,inf
London,700.0,2500.0,0.575,1793444.3664289669,1.701886467784177,12.081073930648607,117.34790260007918,44.19284567894519,inf
London,700.0,2500.0,0.6,1822941.9475780525,1.701886467784177,12.081073930648607,114.92344387549682,44.19284567894519,inf
London,700.0,2500.0,0.625,1852439.528727138,1.701886467784177,12.081073930648607,112.49898515091445,44.19284567894519,inf
London,700.0,2500.0,0.65,1881937.1098762234,1.701886467784177,12.081073930648607,110.07452642633208,44.19284567894519,inf
London,700.0,2500.0,0.675,1911434.6910253088,1.701886467784177,12.081073930648607,107.65006770174972,44.19284567894519,inf
London,700.0,2500.0,0.7,1940932.2721743945,1.701886467784177,12.081073930648607,105.22560897716735,44.19284567894519,inf
London,700.0,2500.0,0.725,1970429.85332348,1.701886467784177,12.081073930648607,102.80115025258496,44.19284567894519,inf
London,700.0,2500.0,0.75,1999927.4344725653,1.701886467784177,12.081073930648607,100.37669152800262,44.19284567894519,inf
London,700.0,2500.0,0.775,2029425.015621651,1.701886467784177,12.081073930648607,97.95223280342026,44.19284567894519,inf
London,700.0,2500.0,0.8,2058922.5967707364,1.701886467784177,12.081073930648607,95.52777407883787,44.19284567894519,inf
London,700.0,2500.0,0.825,2088420.1779198218,1.701886467784177,12.081073930648607,93.1033153542555,44.19284567894519,inf
London,700.0,2500.0,0.85,2117917.7590689072,1.701886467784177,12.081073930648607,90.67885662967313,44.19284567894519,inf
London,700.0,2500.0,0.875,2147415.3402179927,1.701886467784177,12.081073930648607,88.25439790509077,44.19284567894519,inf
London,700.0,2500.0,0.9,2176912.9213670786,1.701886467784177,12.081073930648607,85.82993918050838,44.19284567894519,inf
London,700.0,2500.0,0.925,2206410.502516164,1.701886467784177,12.081073930648607,83.40548045592601,44.19284567894519,inf
London,700.0,2500.0,0.95,2235908.08366525,1.701886467784177,12.081073930648607,80.98102173134362,44.19284567894519,inf
London,700.0,2500.0,0.975,2265405.6648143353,1.701886467784177,12.081073930648607,78.55656300676122,44.19284567894519,inf
London,700.0,2500.0,1.0,2294903.2459634207,1.701886467784177,12.081073930648607,76.13210428217889,44.19284567894519,inf
London,1100.0,500.0,0.0,895000.0,1.0582706166973983,9.662583251350698,304.296758352606,63.072888229378265,13.083333333333357
London,1100.0,500.0,0.025,924497.5811490855,1.0582706166973983,9.662583251350698,301.87229962802365,63.072888229378265,13.916666666666696
London,1100.0,500.0,0.05,953995.1622981711,1.0582706166973983,9.662583251350698,299.44784090344126,63.072888229378265,14.83333333333337
London,1100.0,500.0,0.075,983492.7434472565,1.0582706166973983,9.662583251350698,297.0233821788589,63.072888229378265,15.833333333333377
London,1100.0,500.0,0.1,1012990.324596342,1.0582706166973983,9.662583251350698,294.59892345427653,63.072888229378265,16.916666666666696
London,1100.0,500.0,0.125,1042487.9057454276,1.0582706166973983,9.662583251350698,292.17446472969414,63.072888229378265,18.083333333333346
London,1100.0,500.0,0.15,1071985.486894513,1.0582706166973983,9.662583251350698,289.7500060051118,63.072888229378265,20.58333333333331
London,1100.0,500.0,0.175,1101483.0680435987,1.0582706166973983,9.662583251350698,287.3255472805294,63.072888229378265,22.16666666666662
London,1100.0,500.0,0.2,1130980.649192684,1.0582706166973983,9.662583251350698,284.901088555947,63.072888229378265,23.99999999999993
London,1100.0,500.0,0.225,1160478.2303417698,1.0582706166973983,9.662583251350698,282.4766298313647,63.072888229378265,inf
London,1100.0,500.0,0.25,1189975.8114908552,1.0582706166973983,9.662583251350698,280.0521711067823,63.072888229378265,inf
London,1100.0,500.0,0.275,1219473.3926399406,1.0582706166973983,9.662583251350698,277.62771238219995,63.072888229378265,inf
London,1100.0,500.0,0.3,1248970.9737890263,1.0582706166973983,9.662583251350698,275.20325365761755,63.072888229378265,inf
London,1100.0,500.0,0.325,1278468.5549381117,1.0582706166973983,9.662583251350698,272.7787949330352,63.072888229378265,inf
London,1100.0,500.0,0.35,1307966.1360871973,1.0582706166973983,9.662583251350698,270.35433620845276,63.072888229378265,inf
London,1100.0,500.0,0.375,1337463.7172362828,1.0582706166973983,9.662583251350698,267.9298774838704,63.072888229378265,inf
London,1100.0,500.0,0.4,1366961.2983853682,1.0582706166973983,9.662583251350698,265.5054187592881,63.072888229378265,inf
London,1100.0,500.0,0.425,1396458.8795344536,1.0582706166973983,9.662583251350698,263.0809600347057,63.072888229378265,inf
London,1100.0,500.0,0.45,1425956.4606835393,1.0582706166973983,9.662583251350698,260.6565013101233,63.072888229378265,inf
London,1100.0,500.0,0.475,1455454.041832625,1.0582706166973983,9.662583251350698,258.23204258554097,63.072888229378265,inf
London,1100.0,500.0,0.5,1484951.6229817104,1.0582706166973983,9.662583251350698,255.80758386095857,63.072888229378265,inf
London,1100.0,500.0,0.525,1514449.2041307958,1.0582706166973983,9.662583251350698,253.38312513637624,63.072888229378265,inf
London,1100.0,500.0,0.55,1543946.7852798812,1.0582706166973983,9.662583251350698,250.95866641179384,63.072888229378265,inf
London,1100.0,500.0,0.575,1573444.3664289669,1.0582706166973983,9.662583251350698,248.53420768721148,63.072888229378265,inf
London,1100.0,500.0,0.6,1602941.9475780525,1.0582706166973983,9.662583251350698,246.1097489626291,63.072888229378265,inf
London,1100.0,500.0,0.625,1632439.528727138,1.0582706166973983,9.662583251350698,243.68529023804672,63.072888229378265,inf
London,1100.0,500.0,0.65,1661937.1098762234,1.0582706166973983,9.662583251350698,241.26083151346435,63.072888229378265,inf
London,1100.0,500.0,0.675,1691434.6910253088,1.0582706166973983,9.662583251350698,238.836372788882,63.072888229378265,inf
London,1100.0,500.0,0.7,1720932.2721743945,1.0582706166973983,9.662583251350698,236.41191406429962,63.072888229378265,inf
London,1100.0,500.0,0.725,1750429.85332348,1.0582706166973983,9.662583251350698,233.98745533971723,63.072888229378265,inf
London,1100.0,500.0,0.75,1779927.4344725653,1.0582706166973983,9.662583251350698,231.5629966151349,63.072888229378265,inf
London,1100.0,500.0,0.775,1809425.015621651,1.0582706166973983,9.662583251350698,229.1385378905525,63.072888229378265,inf
London,1100.0,500.0,0.8,1838922.5967707364,1.0582706166973983,9.662583251350698,226.71407916597016,63.072888229378265,inf
London,1100.0,500.0,0.825,1868420.1779198218,1.0582706166973983,9.662583251350698,224.2896204413878,63.072888229378265,inf
London,1100.0,500.0,0.85,1897917.7590689075,1.0582706166973983,9.662583251350698,221.8651617168054,63.072888229378265,inf
London,1100.0,500.0,0.875,1927415.340217993,1.0582706166973983,9.662583251350698,219.44070299222304,63.072888229378265,inf
London,1100.0,500.0,0.9,1956912.9213670786,1.0582706166973983,9.662583251350698,217.01624426764064,63.072888229378265,inf
London,1100.0,500.0,0.925,1986410.502516164,1.0582706166973983,9.662583251350698,214.59178554305828,63.072888229378265,inf
London,1100.0,500.0,0.95,2015908.0836652496,1.0582706166973983,9.662583251350698,212.16732681847589,63.072888229378265,inf
London,1100.0,500.0,0.975,2045405.664814335,1.0582706166973983,9.662583251350698,209.74286809389355,63.072888229378265,inf
London,1100.0,500.0,1.0,2074903.2459634205,1.0582706166973983,9.662583251350698,207.31840936931118,63.072888229378265,inf
London,1100.0,1500.0,0.0,1145000.0,0.9571316608607667,10.899354160087558,314.983692175577,68.28698713774364,inf
London,1100.0,1500.0,0.025,1174497.5811490854,0.9571316608607667,10.899354160087558,312.5592334509946,68.28698713774364,inf
London,1100.0,1500.0,0.05,1203995.162298171,0.9571316608607667,10.899354160087558,310.1347747264123,68.28698713774364,inf
London,1100.0,1500.0,0.075,1233492.7434472565,0.9571316608607667,10.899354160087558,307.71031600182994,68.28698713774364,inf
London,1100.0,1500.0,0.1,1262990.3245963422,0.9571316608607667,10.899354160087558,305.2858572772475,68.28698713774364,inf
London,1100.0,1500.0,0.125,1292487.9057454276,0.9571316608607667,10.899354160087558,302.86139855266515,68.28698713774364,inf
London,1100.0,1500.0,0.15,1321985.486894513,0.9571316608607667,10.899354160087558,300.4369398280828,68.28698713774364,inf
London,1100.0,1500.0,0.175,1351483.0680435987,0.9571316608607667,10.899354160087558,298.0124811035004,68.28698713774364,inf
London,1100.0,1500.0,0.2,1380980.649192684,0.9571316608607667,10.899354160087558,295.588022378918,68.28698713774364,inf
London,1100.0,1500.0,0.225,1410478.2303417698,0.9571316608607667,10.899354160087558,293.16356365433563,68.28698713774364,inf
London,1100.0,1500.0,0.25,1439975.8114908552,0.9571316608607667,10.899354160087558,290.7391049297533,68.28698713774364,inf
London,1100.0,1500.0,0.275,1469473.3926399406,0.9571316608607667,10.899354160087558,288.3146462051709,68.28698713774364,inf
London,1100.0,1500.0,0.3,1498970.9737890263,0.9571316608607667,10.899354160087558,285.89018748058857,68.28698713774364,inf
London,1100.0,1500.0,0.325,1528468.5549381117,0.9571316608607667,10.899354160087558,283.4657287560062,68.28698713774364,inf
London,1100.0,1500.0,0.35,1557966.1360871973,0.9571316608607667,10.899354160087558,281.0412700314238,68.28698713774364,inf
London,1100.0,1500.0,0.375,1587463.7172362828,0.9571316608607667,10.899354160087558,278.61681130684144,68.28698713774364,inf
London,1100.0,1500.0,0.4,1616961.2983853682,0.9571316608607667,10.899354160087558,276.1923525822591,68.28698713774364,inf
London,1100.0,1500.0,0.425,1646458.8795344536,0.9571316608607667,10.899354160087558,273.7678938576767,68.28698713774364,inf
London,1100.0,1500.0,0.45,1675956.4606835393,0.9571316608607667,10.899354160087558,271.3434351330943,68.28698713774364,inf
London,1100.0,1500.0,0.475,1705454.041832625,0.9571316608607667,10.899354160087558,268.918976408512,68.28698713774364,inf
London,1100.0,1500.0,0.5,1734951.6229817104,0.9571316608607667,10.899354160087558,266.4945176839296,68.28698713774364,inf
London,1100.0,1500.0,0.525,1764449.2041307958,0.9571316608607667,10.899354160087558,264.0700589593472,68.28698713774364,inf
London,1100.0,1500.0,0.55,1793946.7852798812,0.9571316608607667,10.899354160087558,261.64560023476486,68.28698713774364,inf
London,1100.0,1500.0,0.575,1823444.3664289669,0.9571316608607667,10.899354160087558,259.22114151018246,68.28698713774364,inf
London,1100.0,1500.0,0.6,1852941.9475780525,0.9571316608607667,10.899354160087558,256.79668278560007,68.28698713774364,inf
London,1100.0,1500.0,0.625,1882439.528727138,0.9571316608607667,10.899354160087558,254.37222406101773,68.28698713774364,inf
London,1100.0,1500.0,0.65,1911937.1098762234,0.9571316608607667,10.899354160087558,251.94776533643537,68.28698713774364,inf
London,1100.0,1500.0,0.675,1941434.6910253088,0.9571316608607667,10.899354160087558,249.523306611853,68.28698713774364,inf
London,1100.0,1500.0,0.7,1970932.2721743945,0.9571316608607667,10.899354160087558,247.0988478872706,68.28698713774364,inf
London,1100.0,1500.0,0.725,2000429.85332348,0.9571316608607667,10.899354160087558,244.67438916268821,68.28698713774364,inf
London,1100.0,1500.0,0.75,2029927.4344725653,0.9571316608607667,10.899354160087558,242.24993043810588,68.28698713774364,inf
London,1100.0,1500.0,0.775,2059425.015621651,0.9571316608607667,10.899354160087558,239.8254717135235,68.28698713774364,inf
London,1100.0,1500.0,0.8,2088922.5967707364,0.9571316608607667,10.899354160087558,237.40101298894115,68.28698713774364,inf
London,1100.0,1500.0,0.825,2118420.177919822,0.9571316608607667,10.899354160087558,234.97655426435878,68.28698713774364,inf
London,1100.0,1500.0,0.85,2147917.7590689072,0.9571316608607667,10.899354160087558,232.55209553977642,68.28698713774364,inf
London,1100.0,1500.0,0.875,2177415.3402179927,0.9571316608607667,10.899354160087558,230.12763681519405,68.28698713774364,inf
London,1100.0,1500.0,0.9,2206912.9213670786,0.9571316608607667,10.899354160087558,227.70317809061166,68.28698713774364,inf
London,1100.0,1500.0,0.925,2236410.502516164,0.9571316608607667,10.899354160087558,225.27871936602926,68.28698713774364,inf
London,1100.0,1500.0,0.95,2265908.08366525,0.9571316608607667,10.899354160087558,222.8542606414469,68.28698713774364,inf
London,1100.0,1500.0,0.975,2295405.6648143353,0.9571316608607667,10.899354160087558,220.4298019168645,68.28698713774364,inf
London,1100.0,1500.0,1.0,2324903.2459634207,0.9571316608607667,10.899354160087558,218.00534319228217,68.28698713774364,inf
London,1100.0,2500.0,0.0,1395000.0,0.7803240334980597,11.793946433608951,320.78696468413534,72.67896564378677,inf
London,1100.0,2500.0,0.025,1424497.5811490854,0.7803240334980597,11.793946433608951,318.36250595955295,72.67896564378677,inf
London,1100.0,2500.0,0.05,1453995.162298171,0.7803240334980597,11.793946433608951,315.9380472349706,72.67896564378677,inf
London,1100.0,2500.0,0.075,1483492.7434472565,0.7803240334980597,11.793946433608951,313.5135885103882,72.67896564378677,inf
London,1100.0,2500.0,0.1,1512990.3245963422,0.7803240334980597,11.793946433608951,311.0891297858058,72.67896564378677,inf
London,1100.0,2500.0,0.125,1542487.9057454276,0.7803240334980597,11.793946433608951,308.6646710612235,72.67896564378677,inf
London,1100.0,2500.0,0.15,1571985.486894513,0.7803240334980597,11.793946433608951,306.2402123366411,72.67896564378677,inf
London,1100.0,2500.0,0.175,1601483.0680435987,0.7803240334980597,11.793946433608951,303.81575361205876,72.67896564378677,inf
London,1100.0,2500.0,0.2,1630980.649192684,0.7803240334980597,11.793946433608951,301.39129488747636,72.67896564378677,inf
London,1100.0,2500.0,0.225,1660478.2303417698,0.7803240334980597,11.793946433608951,298.96683616289397,72.67896564378677,inf
London,1100.0,2500.0,0.25,1689975.8114908552,0.7803240334980597,11.793946433608951,296.54237743831163,72.67896564378677,inf
London,1100.0,2500.0,0.275,1719473.3926399406,0.7803240334980597,11.793946433608951,294.1179187137293,72.67896564378677,inf
London,1100.0,2500.0,0.3,1748970.9737890263,0.7803240334980597,11.793946433608951,291.69345998914685,72.67896564378677,inf
London,1100.0,2500.0,0.325,1778468.5549381117,0.7803240334980597,11.793946433608951,289.2690012645645,72.67896564378677,inf
London,1100.0,2500.0,0.35,1807966.1360871973,0.7803240334980597,11.793946433608951,286.8445425399821,72.67896564378677,inf
London,1100.0,2500.0,0.375,1837463.7172362828,0.7803240334980597,11.793946433608951,284.4200838153997,72.67896564378677,inf
London,1100.0,2500.0,0.4,1866961.2983853682,0.7803240334980597,11.793946433608951,281.9956250908174,72.67896564378677,inf
London,1100.0,2500.0,0.425,1896458.8795344536,0.7803240334980597,11.793946433608951,279.57116636623505,72.67896564378677,inf
London,1100.0,2500.0,0.45,1925956.4606835393,0.7803240334980597,11.793946433608951,277.14670764165265,72.67896564378677,inf
London,1100.0,2500.0,0.475,1955454.041832625,0.7803240334980597,11.793946433608951,274.72224891707026,72.67896564378677,inf
London,1100.0,2500.0,0.5,1984951.6229817104,0.7803240334980597,11.793946433608951,272.2977901924879,72.67896564378677,inf
London,1100.0,2500.0,0.525,2014449.2041307958,0.7803240334980597,11.793946433608951,269.87333146790553,72.67896564378677,inf
London,1100.0,2500.0,0.55,2043946.7852798812,0.7803240334980597,11.793946433608951,267.44887274332314,72.67896564378677,inf
London,1100.0,2500.0,0.575,2073444.3664289669,0.7803240334980597,11.793946433608951,265.0244140187408,72.67896564378677,inf
London,1100.0,2500.0,0.6,2102941.9475780525,0.7803240334980597,11.793946433608951,262.5999552941584,72.67896564378677,inf
London,1100.0,2500.0,0.625,2132439.528727138,0.7803240334980597,11.793946433608951,260.175496569576,72.67896564378677,inf
London,1100.0,2500.0,0.65,2161937.1098762234,0.7803240334980597,11.793946433608951,257.7510378449937,72.67896564378677,inf
London,1100.0,2500.0,0.675,2191434.691025309,0.7803240334980597,11.793946433608951,255.3265791204113,72.67896564378677,inf
London,1100.0,2500.0,0.7,2220932.2721743947,0.7803240334980597,11.793946433608951,252.90212039582892,72.67896564378677,inf
London,1100.0,2500.0,0.725,2250429.85332348,0.7803240334980597,11.793946433608951,250.47766167124658,72.67896564378677,inf
London,1100.0,2500.0,0.75,2279927.4344725655,0.7803240334980597,11.793946433608951,248.0532029466642,72.67896564378677,inf
London,1100.0,2500.0,0.775,2309425.015621651,0.7803240334980597,11.793946433608951,245.62874422208182,72.67896564378677,inf
London,1100.0,2500.0,0.8,2338922.5967707364,0.7803240334980597,11.793946433608951,243.20428549749946,72.67896564378677,inf
London,1100.0,2500.0,0.825,2368420.177919822,0.7803240334980597,11.793946433608951,240.7798267729171,72.67896564378677,inf
London,1100.0,2500.0,0.85,2397917.7590689072,0.7803240334980597,11.793946433608951,238.35536804833473,72.67896564378677,inf
London,1100.0,2500.0,0.875,2427415.3402179927,0.7803240334980597,11.793946433608951,235.93090932375236,72.67896564378677,inf
London,1100.0,2500.0,0.9,2456912.9213670786,0.7803240334980597,11.793946433608951,233.50645059917,72.67896564378677,inf
London,1100.0,2500.0,0.925,2486410.502516164,0.7803240334980597,11.793946433608951,231.0819918745876,72.67896564378677,inf
London,1100.0,2500.0,0.95,2515908.08366525,0.7803240334980597,11.793946433608951,228.6575331500052,72.67896564378677,inf
London,1100.0,2500.0,0.975,2545405.6648143353,0.7803240334980597,11.793946433608951,226.2330744254228,72.67896564378677,inf
London,1100.0,2500.0,1.0,2574903.2459634207,0.7803240334980597,11.793946433608951,223.80861570084048,72.67896564378677,inf
London,1500.0,500.0,0.0,1175000.0,0.8776373529896754,9.853482959825806,363.63140995930735,76.81781754295432,14.83333333333337
London,1500.0,500.0,0.025,1204497.5811490854,0.8776373529896754,9.853482959825806,361.20695123472495,76.81781754295432,15.666666666666709
London,1500.0,500.0,0.05,1233995.162298171,0.8776373529896754,9.853482959825806,358.78249251014256,76.81781754295432,16.500000000000036
London,1500.0,500.0,0.075,1263492.7434472565,0.8776373529896754,9.853482959825806,356.3580337855602,76.81781754295432,17.50000000000002
London,1500.0,500.0,0.1,1292990.3245963422,0.8776373529896754,9.853482959825806,353.93357506097783,76.81781754295432,18.500000000000007
London,1500.0,500.0,0.125,1322487.9057454276,0.8776373529896754,9.853482959825806,351.5091163363955,76.81781754295432,19.583333333333325
London,1500.0,500.0,0.15,1351985.486894513,0.8776373529896754,9.853482959825806,349.0846576118131,76.81781754295432,21.833333333333293
London,1500.0,500.0,0.175,1381483.0680435987,0.8776373529896754,9.853482959825806,346.66019888723076,76.81781754295432,23.33333333333327
London,1500.0,500.0,0.2,1410980.649192684,0.8776373529896754,9.853482959825806,344.23574016264837,76.81781754295432,24.916666666666583
London,1500.0,500.0,0.225,1440478.2303417698,0.8776373529896754,9.853482959825806,341.811281438066,76.81781754295432,inf
London,1500.0,500.0,0.25,1469975.8114908552,0.8776373529896754,9.853482959825806,339.38682271348364,76.81781754295432,inf
London,1500.0,500.0,0.275,1499473.3926399406,0.8776373529896754,9.853482959825806,336.96236398890125,76.81781754295432,inf
London,1500.0,500.0,0.3,1528970.9737890263,0.8776373529896754,9.853482959825806,334.53790526431885,76.81781754295432,inf
London,1500.0,500.0,0.325,1558468.5549381117,0.8776373529896754,9.853482959825806,332.1134465397365,76.81781754295432,inf
London,1500.0,500.0,0.35,1587966.1360871973,0.8776373529896754,9.853482959825806,329.6889878151541,76.81781754295432,inf
London,1500.0,500.0,0.375,1617463.7172362828,0.8776373529896754,9.853482959825806,327.2645290905717,76.81781754295432,inf
London,1500.0,500.0,0.4,1646961.2983853682,0.8776373529896754,9.853482959825806,324.8400703659894,76.81781754295432,inf
London,1500.0,500.0,0.425,1676458.8795344536,0.8776373529896754,9.853482959825806,322.41561164140705,76.81781754295432,inf
London,1500.0,500.0,0.45,1705956.4606835393,0.8776373529896754,9.853482959825806,319.99115291682466,76.81781754295432,inf
London,1500.0,500.0,0.475,1735454.041832625,0.8776373529896754,9.853482959825806,317.56669419224227,76.81781754295432,inf
London,1500.0,500.0,0.5,1764951.6229817104,0.8776373529896754,9.853482959825806,315.14223546765993,76.81781754295432,inf
London,1500.0,500.0,0.525,1794449.2041307958,0.8776373529896754,9.853482959825806,312.71777674307754,76.81781754295432,inf
London,1500.0,500.0,0.55,1823946.7852798812,0.8776373529896754,9.853482959825806,310.29331801849514,76.81781754295432,inf
London,1500.0,500.0,0.575,1853444.3664289669,0.8776373529896754,9.853482959825806,307.8688592939128,76.81781754295432,inf
London,1500.0,500.0,0.6,1882941.9475780525,0.8776373529896754,9.853482959825806,305.4444005693304,76.81781754295432,inf
London,1500.0,500.0,0.625,1912439.528727138,0.8776373529896754,9.853482959825806,303.019941844748,76.81781754295432,inf
London,1500.0,500.0,0.65,1941937.1098762234,0.8776373529896754,9.853482959825806,300.5954831201657,76.81781754295432,inf
London,1500.0,500.0,0.675,1971434.6910253088,0.8776373529896754,9.853482959825806,298.17102439558334,76.81781754295432,inf
London,1500.0,500.0,0.7,2000932.2721743945,0.8776373529896754,9.853482959825806,295.74656567100095,76.81781754295432,inf
London,1500.0,500.0,0.725,2030429.85332348,0.8776373529896754,9.853482959825806,293.32210694641856,76.81781754295432,inf
London,1500.0,500.0,0.75,2059927.4344725653,0.8776373529896754,9.853482959825806,290.8976482218362,76.81781754295432,inf
London,1500.0,500.0,0.775,2089425.015621651,0.8776373529896754,9.853482959825806,288.4731894972539,76.81781754295432,inf
London,1500.0,500.0,0.8,2118922.5967707364,0.8776373529896754,9.853482959825806,286.0487307726715,76.81781754295432,inf
London,1500.0,500.0,0.825,2148420.177919822,0.8776373529896754,9.853482959825806,283.6242720480891,76.81781754295432,inf
London,1500.0,500.0,0.85,2177917.7590689072,0.8776373529896754,9.853482959825806,281.19981332350676,76.81781754295432,inf
London,1500.0,500.0,0.875,2207415.3402179927,0.8776373529896754,9.853482959825806,278.77535459892437,76.81781754295432,inf
London,1500.0,500.0,0.9,2236912.9213670786,0.8776373529896754,9.853482959825806,276.350895874342,76.81781754295432,inf
London,1500.0,500.0,0.925,2266410.502516164,0.8776373529896754,9.853482959825806,273.92643714975964,76.81781754295432,inf
London,1500.0,500.0,0.95,2295908.08366525,0.8776373529896754,9.853482959825806,271.5019784251772,76.81781754295432,inf
London,1500.0,500.0,0.975,2325405.6648143353,0.8776373529896754,9.853482959825806,269.07751970059485,76.81781754295432,inf
London,1500.0,500.0,1.0,2354903.2459634207,0.8776373529896754,9.853482959825806,266.6530609760125,76.81781754295432,inf
London,1500.0,1500.0,0.0,1425000.0,1.0185615321451544,10.062988164774291,404.9900373996743,87.1344164343431,19.999999999999986
London,1500.0,1500.0,0.025,1454497.5811490854,1.0185615321451544,10.062988164774291,402.56557867509196,87.1344164343431,24.08333333333326
London,1500.0,1500.0,0.05,1483995.162298171,1.0185615321451544,10.062988164774291,400.1411199505096,87.1344164343431,inf
London,1500.0,1500.0,0.075,1513492.7434472565,1.0185615321451544,10.062988164774291,397.7166612259272,87.1344164343431,inf
London,1500.0,1500.0,0.1,1542990.3245963422,1.0185615321451544,10.062988164774291,395.29220250134483,87.1344164343431,inf
London,1500.0,1500.0,0.125,1572487.9057454276,1.0185615321451544,10.062988164774291,392.8677437767625,87.1344164343431,inf
London,1500.0,1500.0,0.15,1601985.486894513,1.0185615321451544,10.062988164774291,390.4432850521801,87.1344164343431,inf
London,1500.0,1500.0,0.175,1631483.0680435987,1.0185615321451544,10.062988164774291,388.0188263275977,87.1344164343431,inf
London,1500.0,1500.0,0.2,1660980.649192684,1.0185615321451544,10.062988164774291,385.59436760301537,87.1344164343431,inf
London,1500.0,1500.0,0.225,1690478.2303417698,1.0185615321451544,10.062988164774291,383.169908878433,87.1344164343431,inf
London,1500.0,1500.0,0.25,1719975.8114908552,1.0185615321451544,10.062988164774291,380.7454501538506,87.1344164343431,inf
London,1500.0,1500.0,0.275,1749473.3926399406,1.0185615321451544,10.062988164774291,378.32099142926825,87.1344164343431,inf
London,1500.0,1500.0,0.3,1778970.9737890263,1.0185615321451544,10.062988164774291,375.89653270468585,87.1344164343431,inf
London,1500.0,1500.0,0.325,1808468.5549381117,1.0185615321451544,10.062988164774291,373.47207398010346,87.1344164343431,inf
London,1500.0,1500.0,0.35,1837966.1360871973,1.0185615321451544,10.062988164774291,371.0476152555211,87.1344164343431,inf
London,1500.0,1500.0,0.375,1867463.7172362828,1.0185615321451544,10.062988164774291,368.6231565309388,87.1344164343431,inf
London,1500.0,1500.0,0.4,1896961.2983853682,1.0185615321451544,10.062988164774291,366.1986978063564,87.1344164343431,inf
London,1500.0,1500.0,0.425,1926458.8795344536,1.0185615321451544,10.062988164774291,363.774239081774,87.1344164343431,inf
London,1500.0,1500.0,0.45,1955956.4606835393,1.0185615321451544,10.062988164774291,361.34978035719166,87.1344164343431,inf
London,1500.0,1500.0,0.475,1985454.041832625,1.0185615321451544,10.062988164774291,358.92532163260927,87.1344164343431,inf
London,1500.0,1500.0,0.5,2014951.6229817104,1.0185615321451544,10.062988164774291,356.5008629080269,87.1344164343431,inf
London,1500.0,1500.0,0.525,2044449.2041307958,1.0185615321451544,10.062988164774291,354.07640418344454,87.1344164343431,inf
London,1500.0,1500.0,0.55,2073946.7852798812,1.0185615321451544,10.062988164774291,351.6519454588622,87.1344164343431,inf
London,1500.0,1500.0,0.575,2103444.3664289666,1.0185615321451544,10.062988164774291,349.2274867342798,87.1344164343431,inf
London,1500.0,1500.0,0.6,2132941.9475780525,1.0185615321451544,10.062988164774291,346.8030280096974,87.1344164343431,inf
London,1500.0,1500.0,0.625,2162439.528727138,1.0185615321451544,10.062988164774291,344.3785692851151,87.1344164343431,inf
London,1500.0,1500.0,0.65,2191937.1098762234,1.0185615321451544,10.062988164774291,341.9541105605327,87.1344164343431,inf
London,1500.0,1500.0,0.675,2221434.691025309,1.0185615321451544,10.062988164774291,339.5296518359503,87.1344164343431,inf
London,1500.0,1500.0,0.7,2250932.2721743947,1.0185615321451544,10.062988164774291,337.1051931113679,87.1344164343431,inf
London,1500.0,1500.0,0.725,2280429.85332348,1.0185615321451544,10.062988164774291,334.68073438678556,87.1344164343431,inf
London,1500.0,1500.0,0.75,2309927.4344725655,1.0185615321451544,10.062988164774291,332.25627566220317,87.1344164343431,inf
London,1500.0,1500.0,0.775,2339425.015621651,1.0185615321451544,10.062988164774291,329.83181693762083,87.1344164343431,inf
London,1500.0,1500.0,0.8,2368922.5967707364,1.0185615321451544,10.062988164774291,327.40735821303844,87.1344164343431,inf
London,1500.0,1500.0,0.825,2398420.177919822,1.0185615321451544,10.062988164774291,324.9828994884561,87.1344164343431,inf
London,1500.0,1500.0,0.85,2427917.7590689072,1.0185615321451544,10.062988164774291,322.5584407638737,87.1344164343431,inf
London,1500.0,1500.0,0.875,2457415.3402179927,1.0185615321451544,10.062988164774291,320.13398203929137,87.1344164343431,inf
London,1500.0,1500.0,0.9,2486912.9213670786,1.0185615321451544,10.062988164774291,317.709523314709,87.1344164343431,inf
London,1500.0,1500.0,0.925,2516410.502516164,1.0185615321451544,10.062988164774291,315.2850645901266,87.1344164343431,inf
London,1500.0,1500.0,0.95,2545908.08366525,1.0185615321451544,10.062988164774291,312.86060586554424,87.1344164343431,inf
London,1500.0,1500.0,0.975,2575405.6648143353,1.0185615321451544,10.062988164774291,310.4361471409618,87.1344164343431,inf
London,1500.0,1500.0,1.0,2604903.2459634207,1.0185615321451544,10.062988164774291,308.01168841637946,87.1344164343431,inf
London,1500.0,2500.0,0.0,1675000.0,1.0523381897376316,10.551425750882084,410.3703756527848,91.46067980016417,inf
London,1500.0,2500.0,0.025,1704497.5811490854,1.0523381897376316,10.551425750882084,407.94591692820245,91.46067980016417,inf
London,1500.0,2500.0,0.05,1733995.162298171,1.0523381897376316,10.551425750882084,405.52145820362006,91.46067980016417,inf
London,1500.0,2500.0,0.075,1763492.7434472565,1.0523381897376316,10.551425750882084,403.09699947903766,91.46067980016417,inf
London,1500.0,2500.0,0.1,1792990.3245963422,1.0523381897376316,10.551425750882084,400.6725407544553,91.46067980016417,inf
London,1500.0,2500.0,0.125,1822487.9057454276,1.0523381897376316,10.551425750882084,398.24808202987293,91.46067980016417,inf
London,1500.0,2500.0,0.15,1851985.486894513,1.0523381897376316,10.551425750882084,395.82362330529054,91.46067980016417,inf
London,1500.0,2500.0,0.175,1881483.0680435987,1.0523381897376316,10.551425750882084,393.3991645807082,91.46067980016417,inf
London,1500.0,2500.0,0.2,1910980.649192684,1.0523381897376316,10.551425750882084,390.97470585612587,91.46067980016417,inf
London,1500.0,2500.0,0.225,1940478.2303417698,1.0523381897376316,10.551425750882084,388.5502471315435,91.46067980016417,inf
London,1500.0,2500.0,0.25,1969975.8114908552,1.0523381897376316,10.551425750882084,386.1257884069611,91.46067980016417,inf
London,1500.0,2500.0,0.275,1999473.3926399406,1.0523381897376316,10.551425750882084,383.70132968237874,91.46067980016417,inf
London,1500.0,2500.0,0.3,2028970.9737890263,1.0523381897376316,10.551425750882084,381.27687095779635,91.46067980016417,inf
London,1500.0,2500.0,0.325,2058468.5549381117,1.0523381897376316,10.551425750882084,378.85241223321395,91.46067980016417,inf
London,1500.0,2500.0,0.35,2087966.1360871973,1.0523381897376316,10.551425750882084,376.4279535086316,91.46067980016417,inf
London,1500.0,2500.0,0.375,2117463.717236283,1.0523381897376316,10.551425750882084,374.0034947840492,91.46067980016417,inf
London,1500.0,2500.0,0.4,2146961.298385368,1.0523381897376316,10.551425750882084,371.57903605946683,91.46067980016417,inf
London,1500.0,2500.0,0.425,2176458.8795344536,1.0523381897376316,10.551425750882084,369.1545773348845,91.46067980016417,inf
London,1500.0,2500.0,0.45,2205956.4606835395,1.0523381897376316,10.551425750882084,366.7301186103021,91.46067980016417,inf
London,1500.0,2500.0,0.475,2235454.041832625,1.0523381897376316,10.551425750882084,364.3056598857197,91.46067980016417,inf
London,1500.0,2500.0,0.5,2264951.6229817104,1.0523381897376316,10.551425750882084,361.88120116113737,91.46067980016417,inf
London,1500.0,2500.0,0.525,2294449.204130796,1.0523381897376316,10.551425750882084,359.45674243655503,91.46067980016417,inf
London,1500.0,2500.0,0.55,2323946.785279881,1.0523381897376316,10.551425750882084,357.0322837119727,91.46067980016417,inf
London,1500.0,2500.0,0.575,2353444.3664289666,1.0523381897376316,10.551425750882084,354.60782498739025,91.46067980016417,inf
London,1500.0,2500.0,0.6,2382941.9475780525,1.0523381897376316,10.551425750882084,352.1833662628079,91.46067980016417,inf
London,1500.0,2500.0,0.625,2412439.528727138,1.0523381897376316,10.551425750882084,349.7589075382255,91.46067980016417,inf
London,1500.0,2500.0,0.65,2441937.1098762234,1.0523381897376316,10.551425750882084,347.3344488136431,91.46067980016417,inf
London,1500.0,2500.0,0.675,2471434.691025309,1.0523381897376316,10.551425750882084,344.9099900890608,91.46067980016417,inf
London,1500.0,2500.0,0.7,2500932.2721743947,1.0523381897376316,10.551425750882084,342.4855313644784,91.46067980016417,inf
London,1500.0,2500.0,0.725,2530429.85332348,1.0523381897376316,10.551425750882084,340.06107263989605,91.46067980016417,inf
London,1500.0,2500.0,0.75,2559927.4344725655,1.0523381897376316,10.551425750882084,337.63661391531366,91.46067980016417,inf
London,1500.0,2500.0,0.775,2589425.015621651,1.0523381897376316,10.551425750882084,335.2121551907313,91.46067980016417,inf
London,1500.0,2500.0,0.8,2618922.5967707364,1.0523381897376316,10.551425750882084,332.78769646614893,91.46067980016417,inf
London,1500.0,2500.0,0.825,2648420.177919822,1.0523381897376316,10.551425750882084,330.36323774156654,91.46067980016417,inf
London,1500.0,2500.0,0.85,2677917.7590689072,1.0523381897376316,10.551425750882084,327.9387790169842,91.46067980016417,inf
London,1500.0,2500.0,0.875,2707415.3402179927,1.0523381897376316,10.551425750882084,325.51432029240186,91.46067980016417,inf
London,1500.0,2500.0,0.9,2736912.9213670786,1.0523381897376316,10.551425750882084,323.08986156781947,91.46067980016417,inf
London,1500.0,2500.0,0.925,2766410.502516164,1.0523381897376316,10.551425750882084,320.6654028432371,91.46067980016417,inf
London,1500.0,2500.0,0.95,2795908.08366525,1.0523381897376316,10.551425750882084,318.2409441186547,91.46067980016417,inf
London,1500.0,2500.0,0.975,2825405.6648143353,1.0523381897376316,10.551425750882084,315.8164853940723,91.46067980016417,inf
London,1500.0,2500.0,1.0,2854903.2459634207,1.0523381897376316,10.551425750882084,313.39202666948995,91.46067980016417,inf
Seville,700.0,500.0,0.0,615000.0,1.133478866727121,10.296163759817517,373.6768911317727,70.80742951401875,5.416666666666664
Seville,700.0,500.0,0.025,644497.5811490855,1.133478866727121,10.296163759817517,371.2524324071903,70.80742951401875,5.8333333333333295
Seville,700.0,500.0,0.05,673995.1622981711,1.133478866727121,10.296163759817517,368.827973682608,70.80742951401875,6.166666666666662
Seville,700.0,500.0,0.075,703492.7434472565,1.133478866727121,10.296163759817517,366.4035149580256,70.80742951401875,6.583333333333327
Seville,700.0,500.0,0.1,732990.324596342,1.133478866727121,10.296163759817517,363.9790562334432,70.80742951401875,6.999999999999992
Seville,700.0,500.0,0.125,762487.9057454276,1.133478866727121,10.296163759817517,361.55459750886087,70.80742951401875,7.416666666666657
Seville,700.0,500.0,0.15,791985.4868945131,1.133478866727121,10.296163759817517,359.1301387842785,70.80742951401875,7.833333333333322
Seville,700.0,500.0,0.175,821483.0680435987,1.133478866727121,10.296163759817517,356.7056800596961,70.80742951401875,8.333333333333323
Seville,700.0,500.0,0.2,850980.6491926841,1.133478866727121,10.296163759817517,354.28122133511374,70.80742951401875,8.749999999999993
Seville,700.0,500.0,0.225,880478.2303417696,1.133478866727121,10.296163759817517,351.8567626105314,70.80742951401875,9.249999999999996
Seville,700.0,500.0,0.25,909975.8114908552,1.133478866727121,10.296163759817517,349.432303885949,70.80742951401875,9.833333333333334
Seville,700.0,500.0,0.275,939473.3926399406,1.133478866727121,10.296163759817517,347.0078451613666,70.80742951401875,11.416666666666679
Seville,700.0,500.0,0.3,968970.9737890263,1.133478866727121,10.296163759817517,344.5833864367843,70.80742951401875,12.08333333333335
Seville,700.0,500.0,0.325,998468.5549381117,1.133478866727121,10.296163759817517,342.1589277122019,70.80742951401875,12.750000000000021
Seville,700.0,500.0,0.35,1027966.1360871972,1.133478866727121,10.296163759817517,339.7344689876195,70.80742951401875,13.416666666666693
Seville,700.0,500.0,0.375,1057463.7172362828,1.133478866727121,10.296163759817517,337.31001026303716,70.80742951401875,14.250000000000032
Seville,700.0,500.0,0.4,1086961.2983853682,1.133478866727121,10.296163759817517,334.88555153845476,70.80742951401875,15.083333333333371
Seville,700.0,500.0,0.425,1116458.8795344536,1.133478866727121,10.296163759817517,332.46109281387237,70.80742951401875,15.91666666666671
Seville,700.0,500.0,0.45,1145956.4606835393,1.133478866727121,10.296163759817517,330.03663408929003,70.80742951401875,16.916666666666696
Seville,700.0,500.0,0.475,1175454.041832625,1.133478866727121,10.296163759817517,327.61217536470764,70.80742951401875,17.916666666666682
Seville,700.0,500.0,0.5,1204951.6229817104,1.133478866727121,10.296163759817517,325.1877166401253,70.80742951401875,19.083333333333332
Seville,700.0,500.0,0.525,1234449.2041307958,1.133478866727121,10.296163759817517,322.7632579155429,70.80742951401875,20.333333333333314
Seville,700.0,500.0,0.55,1263946.7852798812,1.133478866727121,10.296163759817517,320.3387991909606,70.80742951401875,22.91666666666661
Seville,700.0,500.0,0.575,1293444.3664289669,1.133478866727121,10.296163759817517,317.9143404663782,70.80742951401875,24.666666666666586
Seville,700.0,500.0,0.6,1322941.9475780525,1.133478866727121,10.296163759817517,315.4898817417958,70.80742951401875,inf
Seville,700.0,500.0,0.625,1352439.528727138,1.133478866727121,10.296163759817517,313.06542301721345,70.80742951401875,inf
Seville,700.0,500.0,0.65,1381937.1098762234,1.133478866727121,10.296163759817517,310.64096429263105,70.80742951401875,inf
Seville,700.0,500.0,0.675,1411434.6910253088,1.133478866727121,10.296163759817517,308.2165055680487,70.80742951401875,inf
Seville,700.0,500.0,0.7,1440932.2721743945,1.133478866727121,10.296163759817517,305.7920468434663,70.80742951401875,inf
Seville,700.0,500.0,0.725,1470429.85332348,1.133478866727121,10.296163759817517,303.36758811888393,70.80742951401875,inf
Seville,700.0,500.0,0.75,1499927.4344725653,1.133478866727121,10.296163759817517,300.9431293943016,70.80742951401875,inf
Seville,700.0,500.0,0.775,1529425.015621651,1.133478866727121,10.296163759817517,298.5186706697192,70.80742951401875,inf
Seville,700.0,500.0,0.8,1558922.5967707364,1.133478866727121,10.296163759817517,296.09421194513686,70.80742951401875,inf
Seville,700.0,500.0,0.825,1588420.1779198218,1.133478866727121,10.296163759817517,293.6697532205545,70.80742951401875,inf
Seville,700.0,500.0,0.85,1617917.7590689075,1.133478866727121,10.296163759817517,291.2452944959721,70.80742951401875,inf
Seville,700.0,500.0,0.875,1647415.340217993,1.133478866727121,10.296163759817517,288.82083577138974,70.80742951401875,inf
Seville,700.0,500.0,0.9,1676912.9213670786,1.133478866727121,10.296163759817517,286.39637704680734,70.80742951401875,inf
Seville,700.0,500.0,0.925,1706410.502516164,1.133478866727121,10.296163759817517,283.97191832222495,70.80742951401875,inf
Seville,700.0,500.0,0.95,1735908.0836652496,1.133478866727121,10.296163759817517,281.5474595976426,70.80742951401875,inf
Seville,700.0,500.0,0.975,1765405.664814335,1.133478866727121,10.296163759817517,279.1230008730603,70.80742951401875,inf
Seville,700.0,500.0,1.0,1794903.2459634205,1.133478866727121,10.296163759817517,276.6985421484779,70.80742951401875,inf
Seville,700.0,1500.0,0.0,865000.0,0.963020593478424,11.950836792280862,369.3041721514652,73.51170112469852,8.499999999999991
Seville,700.0,1500.0,0.025,894497.5811490855,0.963020593478424,11.950836792280862,366.8797134268828,73.51170112469852,8.999999999999995
Seville,700.0,1500.0,0.05,923995.1622981711,0.963020593478424,11.950836792280862,364.4552547023004,73.51170112469852,9.499999999999998
Seville,700.0,1500.0,0.075,953492.7434472565,0.963020593478424,11.950836792280862,362.03079597771807,73.51170112469852,10.000000000000002
Seville,700.0,1500.0,0.1,982990.324596342,0.963020593478424,11.950836792280862,359.6063372531357,73.51170112469852,10.500000000000005
Seville,700.0,1500.0,0.125,1012487.9057454276,0.963020593478424,11.950836792280862,357.1818785285533,73.51170112469852,11.083333333333343
Seville,700.0,1500.0,0.15,1041985.4868945131,0.963020593478424,11.950836792280862,354.75741980397095,73.51170112469852,11.750000000000014
Seville,700.0,1500.0,0.175,1071483.0680435987,0.963020593478424,11.950836792280862,352.33296107938855,73.51170112469852,15.666666666666709
Seville,700.0,1500.0,0.2,1100980.649192684,0.963020593478424,11.950836792280862,349.9085023548062,73.51170112469852,16.583333333333368
Seville,700.0,1500.0,0.225,1130478.2303417698,0.963020593478424,11.950836792280862,347.4840436302238,73.51170112469852,17.50000000000002
Seville,700.0,1500.0,0.25,1159975.8114908552,0.963020593478424,11.950836792280862,345.0595849056415,73.51170112469852,18.58333333333334
Seville,700.0,1500.0,0.275,1189473.3926399406,0.963020593478424,11.950836792280862,342.6351261810591,73.51170112469852,19.666666666666657
Seville,700.0,1500.0,0.3,1218970.9737890263,0.963020593478424,11.950836792280862,340.2106674564767,73.51170112469852,20.91666666666664
Seville,700.0,1500.0,0.325,1248468.5549381117,0.963020593478424,11.950836792280862,337.78620873189436,73.51170112469852,22.333333333333286
Seville,700.0,1500.0,0.35,1277966.1360871973,0.963020593478424,11.950836792280862,335.36175000731197,73.51170112469852,inf
Seville,700.0,1500.0,0.375,1307463.7172362828,0.963020593478424,11.950836792280862,332.9372912827296,73.51170112469852,inf
Seville,700.0,1500.0,0.4,1336961.2983853682,0.963020593478424,11.950836792280862,330.51283255814724,73.51170112469852,inf
Seville,700.0,1500.0,0.425,1366458.8795344536,0.963020593478424,11.950836792280862,328.08837383356484,73.51170112469852,inf
Seville,700.0,1500.0,0.45,1395956.4606835393,0.963020593478424,11.950836792280862,325.6639151089825,73.51170112469852,inf
Seville,700.0,1500.0,0.475,1425454.041832625,0.963020593478424,11.950836792280862,323.2394563844001,73.51170112469852,inf
Seville,700.0,1500.0,0.5,1454951.6229817104,0.963020593478424,11.950836792280862,320.8149976598178,73.51170112469852,inf
Seville,700.0,1500.0,0.525,1484449.2041307958,0.963020593478424,11.950836792280862,318.3905389352354,73.51170112469852,inf
Seville,700.0,1500.0,0.55,1513946.7852798812,0.963020593478424,11.950836792280862,315.966080210653,73.51170112469852,inf
Seville,700.0,1500.0,0.575,1543444.3664289669,0.963020593478424,11.950836792280862,313.54162148607065,73.51170112469852,inf
Seville,700.0,1500.0,0.6,1572941.9475780525,0.963020593478424,11.950836792280862,311.11716276148826,73.51170112469852,inf
Seville,700.0,1500.0,0.625,1602439.528727138,0.963020593478424,11.950836792280862,308.69270403690587,73.51170112469852,inf
Seville,700.0,1500.0,0.65,1631937.1098762234,0.963020593478424,11.950836792280862,306.26824531232353,73.51170112469852,inf
Seville,700.0,1500.0,0.675,1661434.6910253088,0.963020593478424,11.950836792280862,303.8437865877412,73.51170112469852,inf
Seville,700.0,1500.0,0.7,1690932.2721743945,0.963020593478424,11.950836792280862,301.41932786315874,73.51170112469852,inf
Seville,700.0,1500.0,0.725,1720429.85332348,0.963020593478424,11.950836792280862,298.9948691385764,73.51170112469852,inf
Seville,700.0,1500.0,0.75,1749927.4344725653,0.963020593478424,11.950836792280862,296.57041041399407,73.51170112469852,inf
Seville,700.0,1500.0,0.775,1779425.015621651,0.963020593478424,11.950836792280862,294.1459516894116,73.51170112469852,inf
Seville,700.0,1500.0,0.8,1808922.5967707364,0.963020593478424,11.950836792280862,291.7214929648293,73.51170112469852,inf
Seville,700.0,1500.0,0.825,1838420.1779198218,0.963020593478424,11.950836792280862,289.29703424024694,73.51170112469852,inf
Seville,700.0,1500.0,0.85,1867917.7590689075,0.963020593478424,11.950836792280862,286.87257551566455,73.51170112469852,inf
Seville,700.0,1500.0,0.875,1897415.340217993,0.963020593478424,11.950836792280862,284.44811679108216,73.51170112469852,inf
Seville,700.0,1500.0,0.9,1926912.9213670786,0.963020593478424,11.950836792280862,282.0236580664998,73.51170112469852,inf
Seville,700.0,1500.0,0.925,1956410.502516164,0.963020593478424,11.950836792280862,279.5991993419174,73.51170112469852,inf
Seville,700.0,1500.0,0.95,1985908.0836652496,0.963020593478424,11.950836792280862,277.17474061733503,73.51170112469852,inf
Seville,700.0,1500.0,0.975,2015405.664814335,0.963020593478424,11.950836792280862,274.7502818927527,73.51170112469852,inf
Seville,700.0,1500.0,1.0,2044903.2459634205,0.963020593478424,11.950836792280862,272.32582316817036,73.51170112469852,inf
Seville,700.0,2500.0,0.0,1115000.0,0.8046929698567078,12.4814044662818,369.8109382012685,77.02115292024644,12.166666666666684
Seville,700.0,2500.0,0.025,1144497.5811490854,0.8046929698567078,12.4814044662818,367.3864794766862,77.02115292024644,18.58333333333334
Seville,700.0,2500.0,0.05,1173995.162298171,0.8046929698567078,12.4814044662818,364.9620207521038,77.02115292024644,19.666666666666657
Seville,700.0,2500.0,0.075,1203492.7434472565,0.8046929698567078,12.4814044662818,362.53756202752146,77.02115292024644,20.833333333333307
Seville,700.0,2500.0,0.1,1232990.3245963422,0.8046929698567078,12.4814044662818,360.11310330293907,77.02115292024644,22.08333333333329
Seville,700.0,2500.0,0.125,1262487.9057454276,0.8046929698567078,12.4814044662818,357.6886445783567,77.02115292024644,23.499999999999936
Seville,700.0,2500.0,0.15,1291985.486894513,0.8046929698567078,12.4814044662818,355.26418585377434,77.02115292024644,inf
Seville,700.0,2500.0,0.175,1321483.0680435987,0.8046929698567078,12.4814044662818,352.83972712919194,77.02115292024644,inf
Seville,700.0,2500.0,0.2,1350980.649192684,0.8046929698567078,12.4814044662818,350.41526840460955,77.02115292024644,inf
Seville,700.0,2500.0,0.225,1380478.2303417698,0.8046929698567078,12.4814044662818,347.99080968002716,77.02115292024644,inf
Seville,700.0,2500.0,0.25,1409975.8114908552,0.8046929698567078,12.4814044662818,345.5663509554448,77.02115292024644,inf
Seville,700.0,2500.0,0.275,1439473.3926399406,0.8046929698567078,12.4814044662818,343.1418922308625,77.02115292024644,inf
Seville,700.0,2500.0,0.3,1468970.9737890263,0.8046929698567078,12.4814044662818,340.7174335062801,77.02115292024644,inf
Seville,700.0,2500.0,0.325,1498468.5549381117,0.8046929698567078,12.4814044662818,338.2929747816977,77.02115292024644,inf
Seville,700.0,2500.0,0.35,1527966.1360871973,0.8046929698567078,12.4814044662818,335.86851605711536,77.02115292024644,inf
Seville,700.0,2500.0,0.375,1557463.7172362828,0.8046929698567078,12.4814044662818,333.44405733253296,77.02115292024644,inf
Seville,700.0,2500.0,0.4,1586961.2983853682,0.8046929698567078,12.4814044662818,331.01959860795057,77.02115292024644,inf
Seville,700.0,2500.0,0.425,1616458.8795344536,0.8046929698567078,12.4814044662818,328.59513988336823,77.02115292024644,inf
Seville,700.0,2500.0,0.45,1645956.4606835393,0.8046929698567078,12.4814044662818,326.1706811587859,77.02115292024644,inf
Seville,700.0,2500.0,0.475,1675454.041832625,0.8046929698567078,12.4814044662818,323.74622243420345,77.02115292024644,inf
Seville,700.0,2500.0,0.5,1704951.6229817104,0.8046929698567078,12.4814044662818,321.3217637096211,77.02115292024644,inf
Seville,700.0,2500.0,0.525,1734449.2041307958,0.8046929698567078,12.4814044662818,318.8973049850388,77.02115292024644,inf
Seville,700.0,2500.0,0.55,1763946.7852798812,0.8046929698567078,12.4814044662818,316.4728462604564,77.02115292024644,inf
Seville,700.0,2500.0,0.575,1793444.3664289669,0.8046929698567078,12.4814044662818,314.048387535874,77.02115292024644,inf
Seville,700.0,2500.0,0.6,1822941.9475780525,0.8046929698567078,12.4814044662818,311.62392881129165,77.02115292024644,inf
Seville,700.0,2500.0,0.625,1852439.528727138,0.8046929698567078,12.4814044662818,309.19947008670925,77.02115292024644,inf
Seville,700.0,2500.0,0.65,1881937.1098762234,0.8046929698567078,12.4814044662818,306.77501136212686,77.02115292024644,inf
Seville,700.0,2500.0,0.675,1911434.6910253088,0.8046929698567078,12.4814044662818,304.3505526375445,77.02115292024644,inf
Seville,700.0,2500.0,0.7,1940932.2721743945,0.8046929698567078,12.4814044662818,301.9260939129622,77.02115292024644,inf
Seville,700.0,2500.0,0.725,1970429.85332348,0.8046929698567078,12.4814044662818,299.50163518837974,77.02115292024644,inf
Seville,700.0,2500.0,0.75,1999927.4344725653,0.8046929698567078,12.4814044662818,297.0771764637974,77.02115292024644,inf
Seville,700.0,2500.0,0.775,2029425.015621651,0.8046929698567078,12.4814044662818,294.65271773921506,77.02115292024644,inf
Seville,700.0,2500.0,0.8,2058922.5967707364,0.8046929698567078,12.4814044662818,292.22825901463267,77.02115292024644,inf
Seville,700.0,2500.0,0.825,2088420.1779198218,0.8046929698567078,12.4814044662818,289.8038002900503,77.02115292024644,inf
Seville,700.0,2500.0,0.85,2117917.7590689072,0.8046929698567078,12.4814044662818,287.37934156546794,77.02115292024644,inf
Seville,700.0,2500.0,0.875,2147415.3402179927,0.8046929698567078,12.4814044662818,284.9548828408856,77.02115292024644,inf
Seville,700.0,2500.0,0.9,2176912.9213670786,0.8046929698567078,12.4814044662818,282.53042411630315,77.02115292024644,inf
Seville,700.0,2500.0,0.925,2206410.502516164,0.8046929698567078,12.4814044662818,280.1059653917208,77.02115292024644,inf
Seville,700.0,2500.0,0.95,2235908.08366525,0.8046929698567078,12.4814044662818,277.6815066671384,77.02115292024644,inf
Seville,700.0,2500.0,0.975,2265405.6648143353,0.8046929698567078,12.4814044662818,275.257047942556,77.02115292024644,inf
Seville,700.0,2500.0,1.0,2294903.2459634207,0.8046929698567078,12.4814044662818,272.8325892179737,77.02115292024644,inf
Seville,1100.0,500.0,0.0,895000.0,0.8870228946509496,9.237646455852655,496.1560785943724,95.08534920430779,6.083333333333329
Seville,1100.0,500.0,0.025,924497.5811490855,0.8870228946509496,9.237646455852655,493.73161986979005,95.08534920430779,6.333333333333328
Seville,1100.0,500.0,0.05,953995.1622981711,0.8870228946509496,9.237646455852655,491.30716114520766,95.08534920430779,6.66666666666666
Seville,1100.0,500.0,0.075,983492.7434472565,0.8870228946509496,9.237646455852655,488.88270242062526,95.08534920430779,6.999999999999992
Seville,1100.0,500.0,0.1,1012990.324596342,0.8870228946509496,9.237646455852655,486.4582436960429,95.08534920430779,7.249999999999991
Seville,1100.0,500.0,0.125,1042487.9057454276,0.8870228946509496,9.237646455852655,484.03378497146053,95.08534920430779,7.583333333333323
Seville,1100.0,500.0,0.15,1071985.486894513,0.8870228946509496,9.237646455852655,481.6093262468782,95.08534920430779,7.916666666666655
Seville,1100.0,500.0,0.175,1101483.0680435987,0.8870228946509496,9.237646455852655,479.1848675222958,95.08534920430779,8.24999999999999
Seville,1100.0,500.0,0.2,1130980.649192684,0.8870228946509496,9.237646455852655,476.76040879771347,95.08534920430779,8.666666666666659
Seville,1100.0,500.0,0.225,1160478.2303417698,0.8870228946509496,9.237646455852655,474.335950073131,95.08534920430779,8.999999999999995
Seville,1100.0,500.0,0.25,1189975.8114908552,0.8870228946509496,9.237646455852655,471.9114913485487,95.08534920430779,10.16666666666667
Seville,1100.0,500.0,0.275,1219473.3926399406,0.8870228946509496,9.237646455852655,469.48703262396634,95.08534920430779,10.58333333333334
Seville,1100.0,500.0,0.3,1248970.9737890263,0.8870228946509496,9.237646455852655,467.06257389938395,95.08534920430779,11.000000000000009
Seville,1100.0,500.0,0.325,1278468.5549381117,0.8870228946509496,9.237646455852655,464.63811517480156,95.08534920430779,11.500000000000012
Seville,1100.0,500.0,0.35,1307966.1360871973,0.8870228946509496,9.237646455852655,462.2136564502192,95.08534920430779,11.916666666666682
Seville,1100.0,500.0,0.375,1337463.7172362828,0.8870228946509496,9.237646455852655,459.7891977256368,95.08534920430779,12.416666666666686
Seville,1100.0,500.0,0.4,1366961.2983853682,0.8870228946509496,9.237646455852655,457.36473900105443,95.08534920430779,13.000000000000023
Seville,1100.0,500.0,0.425,1396458.8795344536,0.8870228946509496,9.237646455852655,454.9402802764721,95.08534920430779,13.500000000000027
Seville,1100.0,500.0,0.45,1425956.4606835393,0.8870228946509496,9.237646455852655,452.51582155188976,95.08534920430779,14.083333333333364
Seville,1100.0,500.0,0.475,1455454.041832625,0.8870228946509496,9.237646455852655,450.09136282730736,95.08534920430779,14.666666666666702
Seville,1100.0,500.0,0.5,1484951.6229817104,0.8870228946509496,9.237646455852655,447.66690410272497,95.08534920430779,15.333333333333373
Seville,1100.0,500.0,0.525,1514449.2041307958,0.8870228946509496,9.237646455852655,445.24244537814263,95.08534920430779,16.000000000000043
Seville,1100.0,500.0,0.55,1543946.7852798812,0.8870228946509496,9.237646455852655,442.81798665356024,95.08534920430779,16.6666666666667
Seville,1100.0,500.0,0.575,1573444.3664289669,0.8870228946509496,9.237646455852655,440.39352792897785,95.08534920430779,17.50000000000002
Seville,1100.0,500.0,0.6,1602941.9475780525,0.8870228946509496,9.237646455852655,437.9690692043955,95.08534920430779,18.25000000000001
Seville,1100.0,500.0,0.625,1632439.528727138,0.8870228946509496,9.237646455852655,435.5446104798131,95.08534920430779,19.999999999999986
Seville,1100.0,500.0,0.65,1661937.1098762234,0.8870228946509496,9.237646455852655,433.1201517552307,95.08534920430779,20.99999999999997
Seville,1100.0,500.0,0.675,1691434.6910253088,0.8870228946509496,9.237646455852655,430.6956930306484,95.08534920430779,22.08333333333329
Seville,1100.0,500.0,0.7,1720932.2721743945,0.8870228946509496,9.237646455852655,428.27123430606605,95.08534920430779,23.24999999999994
Seville,1100.0,500.0,0.725,1750429.85332348,0.8870228946509496,9.237646455852655,425.8467755814836,95.08534920430779,24.499999999999922
Seville,1100.0,500.0,0.75,1779927.4344725653,0.8870228946509496,9.237646455852655,423.42231685690126,95.08534920430779,inf
Seville,1100.0,500.0,0.775,1809425.015621651,0.8870228946509496,9.237646455852655,420.9978581323189,95.08534920430779,inf
Seville,1100.0,500.0,0.8,1838922.5967707364,0.8870228946509496,9.237646455852655,418.5733994077366,95.08534920430779,inf
Seville,1100.0,500.0,0.825,1868420.1779198218,0.8870228946509496,9.237646455852655,416.1489406831542,95.08534920430779,inf
Seville,1100.0,500.0,0.85,1897917.7590689075,0.8870228946509496,9.237646455852655,413.7244819585718,95.08534920430779,inf
Seville,1100.0,500.0,0.875,1927415.340217993,0.8870228946509496,9.237646455852655,411.30002323398946,95.08534920430779,inf
Seville,1100.0,500.0,0.9,1956912.9213670786,0.8870228946509496,9.237646455852655,408.875564509407,95.08534920430779,inf
Seville,1100.0,500.0,0.925,1986410.502516164,0.8870228946509496,9.237646455852655,406.4511057848247,95.08534920430779,inf
Seville,1100.0,500.0,0.95,2015908.0836652496,0.8870228946509496,9.237646455852655,404.0266470602423,95.08534920430779,inf
Seville,1100.0,500.0,0.975,2045405.664814335,0.8870228946509496,9.237646455852655,401.60218833565995,95.08534920430779,inf
Seville,1100.0,500.0,1.0,2074903.2459634205,0.8870228946509496,9.237646455852655,399.17772961107755,95.08534920430779,inf
Seville,1100.0,1500.0,0.0,1145000.0,0.8946451023903758,9.220399518902099,582.3717804444024,112.88205176031809,6.749999999999993
Seville,1100.0,1500.0,0.025,1174497.5811490854,0.8946451023903758,9.220399518902099,579.94732171982,112.88205176031809,6.999999999999992
Seville,1100.0,1500.0,0.05,1203995.162298171,0.8946451023903758,9.220399518902099,577.5228629952376,112.88205176031809,7.249999999999991
Seville,1100.0,1500.0,0.075,1233492.7434472565,0.8946451023903758,9.220399518902099,575.0984042706552,112.88205176031809,7.583333333333323
Seville,1100.0,1500.0,0.1,1262990.3245963422,0.8946451023903758,9.220399518902099,572.6739455460729,112.88205176031809,7.833333333333322
Seville,1100.0,1500.0,0.125,1292487.9057454276,0.8946451023903758,9.220399518902099,570.2494868214906,112.88205176031809,8.166666666666655
Seville,1100.0,1500.0,0.15,1321985.486894513,0.8946451023903758,9.220399518902099,567.8250280969081,112.88205176031809,8.416666666666657
Seville,1100.0,1500.0,0.175,1351483.0680435987,0.8946451023903758,9.220399518902099,565.4005693723258,112.88205176031809,8.749999999999993
Seville,1100.0,1500.0,0.2,1380980.649192684,0.8946451023903758,9.220399518902099,562.9761106477433,112.88205176031809,8.999999999999995
Seville,1100.0,1500.0,0.225,1410478.2303417698,0.8946451023903758,9.220399518902099,560.551651923161,112.88205176031809,11.333333333333345
Seville,1100.0,1500.0,0.25,1439975.8114908552,0.8946451023903758,9.220399518902099,558.1271931985787,112.88205176031809,11.750000000000014
Seville,1100.0,1500.0,0.275,1469473.3926399406,0.8946451023903758,9.220399518902099,555.7027344739963,112.88205176031809,12.166666666666684
Seville,1100.0,1500.0,0.3,1498970.9737890263,0.8946451023903758,9.220399518902099,553.2782757494139,112.88205176031809,12.583333333333353
Seville,1100.0,1500.0,0.325,1528468.5549381117,0.8946451023903758,9.220399518902099,550.8538170248315,112.88205176031809,13.000000000000023
Seville,1100.0,1500.0,0.35,1557966.1360871973,0.8946451023903758,9.220399518902099,548.4293583002492,112.88205176031809,13.416666666666693
Seville,1100.0,1500.0,0.375,1587463.7172362828,0.8946451023903758,9.220399518902099,546.0048995756667,112.88205176031809,13.916666666666696
Seville,1100.0,1500.0,0.4,1616961.2983853682,0.8946451023903758,9.220399518902099,543.5804408510844,112.88205176031809,14.4166666666667
Seville,1100.0,1500.0,0.425,1646458.8795344536,0.8946451023903758,9.220399518902099,541.1559821265021,112.88205176031809,14.916666666666703
Seville,1100.0,1500.0,0.45,1675956.4606835393,0.8946451023903758,9.220399518902099,538.7315234019197,112.88205176031809,15.416666666666707
Seville,1100.0,1500.0,0.475,1705454.041832625,0.8946451023903758,9.220399518902099,536.3070646773373,112.88205176031809,16.000000000000043
Seville,1100.0,1500.0,0.5,1734951.6229817104,0.8946451023903758,9.220399518902099,533.882605952755,112.88205176031809,16.583333333333368
Seville,1100.0,1500.0,0.525,1764449.2041307958,0.8946451023903758,9.220399518902099,531.4581472281726,112.88205176031809,17.250000000000025
Seville,1100.0,1500.0,0.55,1793946.7852798812,0.8946451023903758,9.220399518902099,529.0336885035902,112.88205176031809,17.916666666666682
Seville,1100.0,1500.0,0.575,1823444.3664289669,0.8946451023903758,9.220399518902099,526.6092297790078,112.88205176031809,20.666666666666643
Seville,1100.0,1500.0,0.6,1852941.9475780525,0.8946451023903758,9.220399518902099,524.1847710544255,112.88205176031809,21.499999999999964
Seville,1100.0,1500.0,0.625,1882439.528727138,0.8946451023903758,9.220399518902099,521.7603123298431,112.88205176031809,22.416666666666618
Seville,1100.0,1500.0,0.65,1911937.1098762234,0.8946451023903758,9.220399518902099,519.3358536052607,112.88205176031809,23.416666666666604
Seville,1100.0,1500.0,0.675,1941434.6910253088,0.8946451023903758,9.220399518902099,516.9113948806784,112.88205176031809,24.499999999999922
Seville,1100.0,1500.0,0.7,1970932.2721743945,0.8946451023903758,9.220399518902099,514.4869361560959,112.88205176031809,inf
Seville,1100.0,1500.0,0.725,2000429.85332348,0.8946451023903758,9.220399518902099,512.0624774315136,112.88205176031809,inf
Seville,1100.0,1500.0,0.75,2029927.4344725653,0.8946451023903758,9.220399518902099,509.63801870693123,112.88205176031809,inf
Seville,1100.0,1500.0,0.775,2059425.015621651,0.8946451023903758,9.220399518902099,507.2135599823489,112.88205176031809,inf
Seville,1100.0,1500.0,0.8,2088922.5967707364,0.8946451023903758,9.220399518902099,504.7891012577665,112.88205176031809,inf
Seville,1100.0,1500.0,0.825,2118420.177919822,0.8946451023903758,9.220399518902099,502.3646425331841,112.88205176031809,inf
Seville,1100.0,1500.0,0.85,2147917.7590689072,0.8946451023903758,9.220399518902099,499.9401838086018,112.88205176031809,inf
Seville,1100.0,1500.0,0.875,2177415.3402179927,0.8946451023903758,9.220399518902099,497.51572508401944,112.88205176031809,inf
Seville,1100.0,1500.0,0.9,2206912.9213670786,0.8946451023903758,9.220399518902099,495.091266359437,112.88205176031809,inf
Seville,1100.0,1500.0,0.925,2236410.502516164,0.8946451023903758,9.220399518902099,492.66680763485465,112.88205176031809,inf
Seville,1100.0,1500.0,0.95,2265908.08366525,0.8946451023903758,9.220399518902099,490.24234891027226,112.88205176031809,inf
Seville,1100.0,1500.0,0.975,2295405.6648143353,0.8946451023903758,9.220399518902099,487.81789018568986,112.88205176031809,inf
Seville,1100.0,1500.0,1.0,2324903.2459634207,0.8946451023903758,9.220399518902099,485.3934314611075,112.88205176031809,inf
Seville,1100.0,2500.0,0.0,1395000.0,0.912429968047945,9.87852035187955,606.8585080880162,120.3947807723863,8.24999999999999
Seville,1100.0,2500.0,0.025,1424497.5811490854,0.912429968047945,9.87852035187955,604.4340493634338,120.3947807723863,8.583333333333325
Seville,1100.0,2500.0,0.05,1453995.162298171,0.912429968047945,9.87852035187955,602.0095906388514,120.3947807723863,8.833333333333327
Seville,1100.0,2500.0,0.075,1483492.7434472565,0.912429968047945,9.87852035187955,599.585131914269,120.3947807723863,9.166666666666663
Seville,1100.0,2500.0,0.1,1512990.3245963422,0.912429968047945,9.87852035187955,597.1606731896867,120.3947807723863,9.416666666666664
Seville,1100.0,2500.0,0.125,1542487.9057454276,0.912429968047945,9.87852035187955,594.7362144651042,120.3947807723863,9.75
Seville,1100.0,2500.0,0.15,1571985.486894513,0.912429968047945,9.87852035187955,592.3117557405219,120.3947807723863,13.333333333333359
Seville,1100.0,2500.0,0.175,1601483.0680435987,0.912429968047945,9.87852035187955,589.8872970159396,120.3947807723863,13.750000000000028
Seville,1100.0,2500.0,0.2,1630980.649192684,0.912429968047945,9.87852035187955,587.4628382913572,120.3947807723863,14.250000000000032
Seville,1100.0,2500.0,0.225,1660478.2303417698,0.912429968047945,9.87852035187955,585.0383795667748,120.3947807723863,14.666666666666702
Seville,1100.0,2500.0,0.25,1689975.8114908552,0.912429968047945,9.87852035187955,582.6139208421924,120.3947807723863,15.166666666666705
Seville,1100.0,2500.0,0.275,1719473.3926399406,0.912429968047945,9.87852035187955,580.1894621176101,120.3947807723863,15.666666666666709
Seville,1100.0,2500.0,0.3,1748970.9737890263,0.912429968047945,9.87852035187955,577.7650033930277,120.3947807723863,16.25000000000004
Seville,1100.0,2500.0,0.325,1778468.5549381117,0.912429968047945,9.87852035187955,575.3405446684453,120.3947807723863,16.750000000000032
Seville,1100.0,2500.0,0.35,1807966.1360871973,0.912429968047945,9.87852035187955,572.916085943863,120.3947807723863,17.333333333333357
Seville,1100.0,2500.0,0.375,1837463.7172362828,0.912429968047945,9.87852035187955,570.4916272192805,120.3947807723863,18.000000000000014
Seville,1100.0,2500.0,0.4,1866961.2983853682,0.912429968047945,9.87852035187955,568.0671684946982,120.3947807723863,18.58333333333334
Seville,1100.0,2500.0,0.425,1896458.8795344536,0.912429968047945,9.87852035187955,565.6427097701159,120.3947807723863,19.33333333333333
Seville,1100.0,2500.0,0.45,1925956.4606835393,0.912429968047945,9.87852035187955,563.2182510455334,120.3947807723863,23.499999999999936
Seville,1100.0,2500.0,0.475,1955454.041832625,0.912429968047945,9.87852035187955,560.7937923209511,120.3947807723863,24.41666666666659
Seville,1100.0,2500.0,0.5,1984951.6229817104,0.912429968047945,9.87852035187955,558.3693335963687,120.3947807723863,inf
Seville,1100.0,2500.0,0.525,2014449.2041307958,0.912429968047945,9.87852035187955,555.9448748717864,120.3947807723863,inf
Seville,1100.0,2500.0,0.55,2043946.7852798812,0.912429968047945,9.87852035187955,553.520416147204,120.3947807723863,inf
Seville,1100.0,2500.0,0.575,2073444.3664289669,0.912429968047945,9.87852035187955,551.0959574226216,120.3947807723863,inf
Seville,1100.0,2500.0,0.6,2102941.9475780525,0.912429968047945,9.87852035187955,548.6714986980392,120.3947807723863,inf
Seville,1100.0,2500.0,0.625,2132439.528727138,0.912429968047945,9.87852035187955,546.2470399734568,120.3947807723863,inf
Seville,1100.0,2500.0,0.65,2161937.1098762234,0.912429968047945,9.87852035187955,543.8225812488745,120.3947807723863,inf
Seville,1100.0,2500.0,0.675,2191434.691025309,0.912429968047945,9.87852035187955,541.3981225242921,120.3947807723863,inf
Seville,1100.0,2500.0,0.7,2220932.2721743947,0.912429968047945,9.87852035187955,538.9736637997097,120.3947807723863,inf
Seville,1100.0,2500.0,0.725,2250429.85332348,0.912429968047945,9.87852035187955,536.5492050751274,120.3947807723863,inf
Seville,1100.0,2500.0,0.75,2279927.4344725655,0.912429968047945,9.87852035187955,534.124746350545,120.3947807723863,inf
Seville,1100.0,2500.0,0.775,2309425.015621651,0.912429968047945,9.87852035187955,531.7002876259626,120.3947807723863,inf
Seville,1100.0,2500.0,0.8,2338922.5967707364,0.912429968047945,9.87852035187955,529.2758289013802,120.3947807723863,inf
Seville,1100.0,2500.0,0.825,2368420.177919822,0.912429968047945,9.87852035187955,526.8513701767979,120.3947807723863,inf
Seville,1100.0,2500.0,0.85,2397917.7590689072,0.912429968047945,9.87852035187955,524.4269114522156,120.3947807723863,inf
Seville,1100.0,2500.0,0.875,2427415.3402179927,0.912429968047945,9.87852035187955,522.0024527276332,120.3947807723863,inf
Seville,1100.0,2500.0,0.9,2456912.9213670786,0.912429968047945,9.87852035187955,519.5779940030508,120.3947807723863,inf
Seville,1100.0,2500.0,0.925,2486410.502516164,0.912429968047945,9.87852035187955,517.1535352784684,120.3947807723863,inf
Seville,1100.0,2500.0,0.95,2515908.08366525,0.912429968047945,9.87852035187955,514.729076553886,120.3947807723863,inf
Seville,1100.0,2500.0,0.975,2545405.6648143353,0.912429968047945,9.87852035187955,512.3046178293037,120.3947807723863,inf
Seville,1100.0,2500.0,1.0,2574903.2459634207,0.912429968047945,9.87852035187955,509.8801591047213,120.3947807723863,inf
Seville,1500.0,500.0,0.0,1175000.0,0.9017052027725366,9.41872510412169,517.7629126966912,102.53660137075168,8.166666666666655
Seville,1500.0,500.0,0.025,1204497.5811490854,0.9017052027725366,9.41872510412169,515.3384539721088,102.53660137075168,8.499999999999991
Seville,1500.0,500.0,0.05,1233995.162298171,0.9017052027725366,9.41872510412169,512.9139952475265,102.53660137075168,8.833333333333327
Seville,1500.0,500.0,0.075,1263492.7434472565,0.9017052027725366,9.41872510412169,510.4895365229441,102.53660137075168,9.166666666666663
Seville,1500.0,500.0,0.1,1292990.3245963422,0.9017052027725366,9.41872510412169,508.0650777983617,102.53660137075168,10.16666666666667
Seville,1500.0,500.0,0.125,1322487.9057454276,0.9017052027725366,9.41872510412169,505.64061907377936,102.53660137075168,10.58333333333334
Seville,1500.0,500.0,0.15,1351985.486894513,0.9017052027725366,9.41872510412169,503.21616034919697,102.53660137075168,11.000000000000009
Seville,1500.0,500.0,0.175,1381483.0680435987,0.9017052027725366,9.41872510412169,500.7917016246146,102.53660137075168,11.416666666666679
Seville,1500.0,500.0,0.2,1410980.649192684,0.9017052027725366,9.41872510412169,498.36724290003224,102.53660137075168,11.833333333333348
Seville,1500.0,500.0,0.225,1440478.2303417698,0.9017052027725366,9.41872510412169,495.94278417544984,102.53660137075168,12.333333333333352
Seville,1500.0,500.0,0.25,1469975.8114908552,0.9017052027725366,9.41872510412169,493.5183254508675,102.53660137075168,12.833333333333355
Seville,1500.0,500.0,0.275,1499473.3926399406,0.9017052027725366,9.41872510412169,491.0938667262851,102.53660137075168,13.333333333333359
Seville,1500.0,500.0,0.3,1528970.9737890263,0.9017052027725366,9.41872510412169,488.6694080017028,102.53660137075168,13.833333333333362
Seville,1500.0,500.0,0.325,1558468.5549381117,0.9017052027725366,9.41872510412169,486.2449492771204,102.53660137075168,14.4166666666667
Seville,1500.0,500.0,0.35,1587966.1360871973,0.9017052027725366,9.41872510412169,483.820490552538,102.53660137075168,14.916666666666703
Seville,1500.0,500.0,0.375,1617463.7172362828,0.9017052027725366,9.41872510412169,481.39603182795565,102.53660137075168,15.583333333333375
Seville,1500.0,500.0,0.4,1646961.2983853682,0.9017052027725366,9.41872510412169,478.97157310337326,102.53660137075168,16.166666666666707
Seville,1500.0,500.0,0.425,1676458.8795344536,0.9017052027725366,9.41872510412169,476.5471143787909,102.53660137075168,16.833333333333364
Seville,1500.0,500.0,0.45,1705956.4606835393,0.9017052027725366,9.41872510412169,474.12265565420853,102.53660137075168,17.583333333333353
Seville,1500.0,500.0,0.475,1735454.041832625,0.9017052027725366,9.41872510412169,471.69819692962614,102.53660137075168,18.333333333333343
Seville,1500.0,500.0,0.5,1764951.6229817104,0.9017052027725366,9.41872510412169,469.27373820504374,102.53660137075168,19.916666666666654
Seville,1500.0,500.0,0.525,1794449.2041307958,0.9017052027725366,9.41872510412169,466.8492794804614,102.53660137075168,20.833333333333307
Seville,1500.0,500.0,0.55,1823946.7852798812,0.9017052027725366,9.41872510412169,464.42482075587907,102.53660137075168,21.74999999999996
Seville,1500.0,500.0,0.575,1853444.3664289669,0.9017052027725366,9.41872510412169,462.0003620312967,102.53660137075168,22.83333333333328
Seville,1500.0,500.0,0.6,1882941.9475780525,0.9017052027725366,9.41872510412169,459.5759033067143,102.53660137075168,23.99999999999993
Seville,1500.0,500.0,0.625,1912439.528727138,0.9017052027725366,9.41872510412169,457.15144458213194,102.53660137075168,inf
Seville,1500.0,500.0,0.65,1941937.1098762234,0.9017052027725366,9.41872510412169,454.72698585754955,102.53660137075168,inf
Seville,1500.0,500.0,0.675,1971434.6910253088,0.9017052027725366,9.41872510412169,452.30252713296716,102.53660137075168,inf
Seville,1500.0,500.0,0.7,2000932.2721743945,0.9017052027725366,9.41872510412169,449.8780684083848,102.53660137075168,inf
Seville,1500.0,500.0,0.725,2030429.85332348,0.9017052027725366,9.41872510412169,447.4536096838024,102.53660137075168,inf
Seville,1500.0,500.0,0.75,2059927.4344725653,0.9017052027725366,9.41872510412169,445.0291509592201,102.53660137075168,inf
Seville,1500.0,500.0,0.775,2089425.015621651,0.9017052027725366,9.41872510412169,442.6046922346377,102.53660137075168,inf
Seville,1500.0,500.0,0.8,2118922.5967707364,0.9017052027725366,9.41872510412169,440.18023351005536,102.53660137075168,inf
Seville,1500.0,500.0,0.825,2148420.177919822,0.9017052027725366,9.41872510412169,437.755774785473,102.53660137075168,inf
Seville,1500.0,500.0,0.85,2177917.7590689072,0.9017052027725366,9.41872510412169,435.3313160608906,102.53660137075168,inf
Seville,1500.0,500.0,0.875,2207415.3402179927,0.9017052027725366,9.41872510412169,432.90685733630824,102.53660137075168,inf
Seville,1500.0,500.0,0.9,2236912.9213670786,0.9017052027725366,9.41872510412169,430.4823986117259,102.53660137075168,inf
Seville,1500.0,500.0,0.925,2266410.502516164,0.9017052027725366,9.41872510412169,428.05793988714345,102.53660137075168,inf
Seville,1500.0,500.0,0.95,2295908.08366525,0.9017052027725366,9.41872510412169,425.6334811625611,102.53660137075168,inf
Seville,1500.0,500.0,0.975,2325405.6648143353,0.9017052027725366,9.41872510412169,423.2090224379787,102.53660137075168,inf
Seville,1500.0,500.0,1.0,2354903.2459634207,0.9017052027725366,9.41872510412169,420.7845637133963,102.53660137075168,inf
Seville,1500.0,1500.0,0.0,1425000.0,0.8865123621480082,9.380146239424601,621.9124937338778,123.32885357664829,8.24999999999999
Seville,1500.0,1500.0,0.025,1454497.5811490854,0.8865123621480082,9.380146239424601,619.4880350092955,123.32885357664829,8.499999999999991
Seville,1500.0,1500.0,0.05,1483995.162298171,0.8865123621480082,9.380146239424601,617.0635762847131,123.32885357664829,8.833333333333327
Seville,1500.0,1500.0,0.075,1513492.7434472565,0.8865123621480082,9.380146239424601,614.6391175601307,123.32885357664829,9.083333333333329
Seville,1500.0,1500.0,0.1,1542990.3245963422,0.8865123621480082,9.380146239424601,612.2146588355483,123.32885357664829,11.166666666666677
Seville,1500.0,1500.0,0.125,1572487.9057454276,0.8865123621480082,9.380146239424601,609.790200110966,123.32885357664829,11.500000000000012
Seville,1500.0,1500.0,0.15,1601985.486894513,0.8865123621480082,9.380146239424601,607.3657413863837,123.32885357664829,11.916666666666682
Seville,1500.0,1500.0,0.175,1631483.0680435987,0.8865123621480082,9.380146239424601,604.9412826618012,123.32885357664829,12.250000000000018
Seville,1500.0,1500.0,0.2,1660980.649192684,0.8865123621480082,9.380146239424601,602.5168239372189,123.32885357664829,12.666666666666687
Seville,1500.0,1500.0,0.225,1690478.2303417698,0.8865123621480082,9.380146239424601,600.0923652126364,123.32885357664829,13.083333333333357
Seville,1500.0,1500.0,0.25,1719975.8114908552,0.8865123621480082,9.380146239424601,597.6679064880541,123.32885357664829,13.500000000000027
Seville,1500.0,1500.0,0.275,1749473.3926399406,0.8865123621480082,9.380146239424601,595.2434477634717,123.32885357664829,13.916666666666696
Seville,1500.0,1500.0,0.3,1778970.9737890263,0.8865123621480082,9.380146239424601,592.8189890388894,123.32885357664829,14.333333333333366
Seville,1500.0,1500.0,0.325,1808468.5549381117,0.8865123621480082,9.380146239424601,590.394530314307,123.32885357664829,14.83333333333337
Seville,1500.0,1500.0,0.35,1837966.1360871973,0.8865123621480082,9.380146239424601,587.9700715897246,123.32885357664829,15.333333333333373
Seville,1500.0,1500.0,0.375,1867463.7172362828,0.8865123621480082,9.380146239424601,585.5456128651423,123.32885357664829,15.833333333333377
Seville,1500.0,1500.0,0.4,1896961.2983853682,0.8865123621480082,9.380146239424601,583.1211541405598,123.32885357664829,16.33333333333337
Seville,1500.0,1500.0,0.425,1926458.8795344536,0.8865123621480082,9.380146239424601,580.6966954159775,123.32885357664829,16.916666666666696
Seville,1500.0,1500.0,0.45,1955956.4606835393,0.8865123621480082,9.380146239424601,578.2722366913952,123.32885357664829,17.50000000000002
Seville,1500.0,1500.0,0.475,1985454.041832625,0.8865123621480082,9.380146239424601,575.8477779668128,123.32885357664829,18.083333333333346
Seville,1500.0,1500.0,0.5,2014951.6229817104,0.8865123621480082,9.380146239424601,573.4233192422304,123.32885357664829,18.750000000000004
Seville,1500.0,1500.0,0.525,2044449.2041307958,0.8865123621480082,9.380146239424601,570.998860517648,123.32885357664829,21.416666666666632
Seville,1500.0,1500.0,0.55,2073946.7852798812,0.8865123621480082,9.380146239424601,568.5744017930657,123.32885357664829,22.249999999999954
Seville,1500.0,1500.0,0.575,2103444.3664289666,0.8865123621480082,9.380146239424601,566.1499430684833,123.32885357664829,23.083333333333275
Seville,1500.0,1500.0,0.6,2132941.9475780525,0.8865123621480082,9.380146239424601,563.7254843439009,123.32885357664829,24.08333333333326
Seville,1500.0,1500.0,0.625,2162439.528727138,0.8865123621480082,9.380146239424601,561.3010256193186,123.32885357664829,25.083333333333247
Seville,1500.0,1500.0,0.65,2191937.1098762234,0.8865123621480082,9.380146239424601,558.8765668947362,123.32885357664829,inf
Seville,1500.0,1500.0,0.675,2221434.691025309,0.8865123621480082,9.380146239424601,556.4521081701538,123.32885357664829,inf
Seville,1500.0,1500.0,0.7,2250932.2721743947,0.8865123621480082,9.380146239424601,554.0276494455713,123.32885357664829,inf
Seville,1500.0,1500.0,0.725,2280429.85332348,0.8865123621480082,9.380146239424601,551.603190720989,123.32885357664829,inf
Seville,1500.0,1500.0,0.75,2309927.4344725655,0.8865123621480082,9.380146239424601,549.1787319964067,123.32885357664829,inf
Seville,1500.0,1500.0,0.775,2339425.015621651,0.8865123621480082,9.380146239424601,546.7542732718243,123.32885357664829,inf
Seville,1500.0,1500.0,0.8,2368922.5967707364,0.8865123621480082,9.380146239424601,544.329814547242,123.32885357664829,inf
Seville,1500.0,1500.0,0.825,2398420.177919822,0.8865123621480082,9.380146239424601,541.9053558226597,123.32885357664829,inf
Seville,1500.0,1500.0,0.85,2427917.7590689072,0.8865123621480082,9.380146239424601,539.4808970980772,123.32885357664829,inf
Seville,1500.0,1500.0,0.875,2457415.3402179927,0.8865123621480082,9.380146239424601,537.0564383734949,123.32885357664829,inf
Seville,1500.0,1500.0,0.9,2486912.9213670786,0.8865123621480082,9.380146239424601,534.6319796489124,123.32885357664829,inf
Seville,1500.0,1500.0,0.925,2516410.502516164,0.8865123621480082,9.380146239424601,532.2075209243301,123.32885357664829,inf
Seville,1500.0,1500.0,0.95,2545908.08366525,0.8865123621480082,9.380146239424601,529.7830621997477,123.32885357664829,inf
Seville,1500.0,1500.0,0.975,2575405.6648143353,0.8865123621480082,9.380146239424601,527.3586034751653,123.32885357664829,inf
Seville,1500.0,1500.0,1.0,2604903.2459634207,0.8865123621480082,9.380146239424601,524.934144750583,123.32885357664829,inf
Seville,1500.0,2500.0,0.0,1675000.0,1.1077265397986522,9.176459287036678,597.3904454920263,122.67625704545924,14.583333333333368
Seville,1500.0,2500.0,0.025,1704497.5811490854,1.1077265397986522,9.176459287036678,594.965986767444,122.67625704545924,15.000000000000037
Seville,1500.0,2500.0,0.05,1733995.162298171,1.1077265397986522,9.176459287036678,592.5415280428615,122.67625704545924,15.50000000000004
Seville,1500.0,2500.0,0.075,1763492.7434472565,1.1077265397986522,9.176459287036678,590.1170693182792,122.67625704545924,16.000000000000043
Seville,1500.0,2500.0,0.1,1792990.3245963422,1.1077265397986522,9.176459287036678,587.6926105936968,122.67625704545924,16.583333333333368
Seville,1500.0,2500.0,0.125,1822487.9057454276,1.1077265397986522,9.176459287036678,585.2681518691145,122.67625704545924,17.08333333333336
Seville,1500.0,2500.0,0.15,1851985.486894513,1.1077265397986522,9.176459287036678,582.843693144532,122.67625704545924,17.666666666666686
Seville,1500.0,2500.0,0.175,1881483.0680435987,1.1077265397986522,9.176459287036678,580.4192344199497,122.67625704545924,18.333333333333343
Seville,1500.0,2500.0,0.2,1910980.649192684,1.1077265397986522,9.176459287036678,577.9947756953674,122.67625704545924,22.416666666666618
Seville,1500.0,2500.0,0.225,1940478.2303417698,1.1077265397986522,9.176459287036678,575.5703169707849,122.67625704545924,23.33333333333327
Seville,1500.0,2500.0,0.25,1969975.8114908552,1.1077265397986522,9.176459287036678,573.1458582462026,122.67625704545924,24.249999999999925
Seville,1500.0,2500.0,0.275,1999473.3926399406,1.1077265397986522,9.176459287036678,570.7213995216202,122.67625704545924,inf
Seville,1500.0,2500.0,0.3,2028970.9737890263,1.1077265397986522,9.176459287036678,568.2969407970379,122.67625704545924,inf
Seville,1500.0,2500.0,0.325,2058468.5549381117,1.1077265397986522,9.176459287036678,565.8724820724555,122.67625704545924,inf
Seville,1500.0,2500.0,0.35,2087966.1360871973,1.1077265397986522,9.176459287036678,563.4480233478731,122.67625704545924,inf
Seville,1500.0,2500.0,0.375,2117463.717236283,1.1077265397986522,9.176459287036678,561.0235646232907,122.67625704545924,inf
Seville,1500.0,2500.0,0.4,2146961.298385368,1.1077265397986522,9.176459287036678,558.5991058987083,122.67625704545924,inf
Seville,1500.0,2500.0,0.425,2176458.8795344536,1.1077265397986522,9.176459287036678,556.174647174126,122.67625704545924,inf
Seville,1500.0,2500.0,0.45,2205956.4606835395,1.1077265397986522,9.176459287036678,553.7501884495437,122.67625704545924,inf
Seville,1500.0,2500.0,0.475,2235454.041832625,1.1077265397986522,9.176459287036678,551.3257297249612,122.67625704545924,inf
Seville,1500.0,2500.0,0.5,2264951.6229817104,1.1077265397986522,9.176459287036678,548.9012710003789,122.67625704545924,inf
Seville,1500.0,2500.0,0.525,2294449.204130796,1.1077265397986522,9.176459287036678,546.4768122757965,122.67625704545924,inf
Seville,1500.0,2500.0,0.55,2323946.785279881,1.1077265397986522,9.176459287036678,544.0523535512142,122.67625704545924,inf
Seville,1500.0,2500.0,0.575,2353444.3664289666,1.1077265397986522,9.176459287036678,541.6278948266317,122.67625704545924,inf
Seville,1500.0,2500.0,0.6,2382941.9475780525,1.1077265397986522,9.176459287036678,539.2034361020494,122.67625704545924,inf
Seville,1500.0,2500.0,0.625,2412439.528727138,1.1077265397986522,9.176459287036678,536.7789773774671,122.67625704545924,inf
Seville,1500.0,2500.0,0.65,2441937.1098762234,1.1077265397986522,9.176459287036678,534.3545186528846,122.67625704545924,inf
Seville,1500.0,2500.0,0.675,2471434.691025309,1.1077265397986522,9.176459287036678,531.9300599283023,122.67625704545924,inf
Seville,1500.0,2500.0,0.7,2500932.2721743947,1.1077265397986522,9.176459287036678,529.5056012037198,122.67625704545924,inf
Seville,1500.0,2500.0,0.725,2530429.85332348,1.1077265397986522,9.176459287036678,527.0811424791375,122.67625704545924,inf
Seville,1500.0,2500.0,0.75,2559927.4344725655,1.1077265397986522,9.176459287036678,524.6566837545552,122.67625704545924,inf
Seville,1500.0,2500.0,0.775,2589425.015621651,1.1077265397986522,9.176459287036678,522.2322250299728,122.67625704545924,inf
Seville,1500.0,2500.0,0.8,2618922.5967707364,1.1077265397986522,9.176459287036678,519.8077663053905,122.67625704545924,inf
Seville,1500.0,2500.0,0.825,2648420.177919822,1.1077265397986522,9.176459287036678,517.383307580808,122.67625704545924,inf
Seville,1500.0,2500.0,0.85,2677917.7590689072,1.1077265397986522,9.176459287036678,514.9588488562257,122.67625704545924,inf
Seville,1500.0,2500.0,0.875,2707415.3402179927,1.1077265397986522,9.176459287036678,512.5343901316434,122.67625704545924,inf
Seville,1500.0,2500.0,0.9,2736912.9213670786,1.1077265397986522,9.176459287036678,510.10993140706097,122.67625704545924,inf
Seville,1500.0,2500.0,0.925,2766410.502516164,1.1077265397986522,9.176459287036678,507.6854726824786,122.67625704545924,inf
Seville,1500.0,2500.0,0.95,2795908.08366525,1.1077265397986522,9.176459287036678,505.2610139578962,122.67625704545924,inf
Seville,1500.0,2500.0,0.975,2825405.6648143353,1.1077265397986522,9.176459287036678,502.8365552333138,122.67625704545924,inf
Seville,1500.0,2500.0,1.0,2854903.2459634207,1.1077265397986522,9.176459287036678,500.41209650873145,122.67625704545924,inf
