site,process_capex_multiplier,process_capex_per_kw,price_EUR_per_kg,operating_EUR_per_day,capex_EUR,capital_EUR_per_day,net_EUR_per_day,payback_years
Seville,0.25,550.0,2.0,209.1284743845341,1189975.8114908552,396.9597148974419,-187.83124051290784,inf
Seville,0.375,825.0,2.0,209.1284743845341,1337463.7172362828,443.75601804311526,-234.62754365858117,inf
Seville,0.5,1100.0,2.0,209.1284743845341,1484951.6229817104,490.55232118878854,-281.4238468042545,inf
Seville,0.625,1375.0,2.0,209.1284743845341,1632439.528727138,537.3486243344619,-328.22014994992776,inf
Seville,0.75,1650.0,2.0,209.1284743845341,1779927.4344725653,584.144927480135,-375.0164530956009,inf
Seville,0.875,1925.0,2.0,209.1284743845341,1927415.340217993,630.9412306258083,-421.8127562412742,inf
Seville,1.0,2200.0,2.0,209.1284743845341,2074903.2459634205,677.7375337714816,-468.6090593869475,inf
Seville,0.25,550.0,3.0,332.7469095205791,1189975.8114908552,396.78045458623484,-64.03354506565576,inf
Seville,0.375,825.0,3.0,332.7469095205791,1337463.7172362828,443.5767577319082,-110.8298482113291,inf
Seville,0.5,1100.0,3.0,332.7469095205791,1484951.6229817104,490.37306087758145,-157.62615135700239,inf
Seville,0.625,1375.0,3.0,332.7469095205791,1632439.528727138,537.1693640232548,-204.42245450267572,inf
Seville,0.75,1650.0,3.0,332.7469095205791,1779927.4344725653,583.965667168928,-251.21875764834888,inf
Seville,0.875,1925.0,3.0,332.7469095205791,1927415.340217993,630.7619703146013,-298.01506079402213,inf
Seville,1.0,2200.0,3.0,332.7469095205791,2074903.2459634205,677.5582734602746,-344.8113639396954,inf
Seville,0.25,550.0,4.0,457.0143974950033,1189975.8114908552,396.74238660735546,60.27201088764785,15.083333333333371
Seville,0.375,825.0,4.0,457.0143974950033,1337463.7172362828,443.5386897530288,13.475707741974517,19.666666666666657
Seville,0.5,1100.0,4.0,457.0143974950033,1484951.6229817104,490.33499289870207,-33.32059540369876,inf
Seville,0.625,1375.0,4.0,457.0143974950033,1632439.528727138,537.1312960443754,-80.1168985493721,inf
Seville,0.75,1650.0,4.0,457.0143974950033,1779927.4344725653,583.9275991900486,-126.91320169504526,inf
Seville,0.875,1925.0,4.0,457.0143974950033,1927415.340217993,630.7239023357218,-173.70950484071852,inf
Seville,1.0,2200.0,4.0,457.0143974950033,2074903.2459634205,677.5202054813951,-220.5058079863918,inf
Seville,0.25,550.0,5.0,580.9920205102519,1189975.8114908552,396.7414486282257,184.25057188202618,9.249999999999996
Seville,0.375,825.0,5.0,580.9920205102519,1337463.7172362828,443.53775177389906,137.45426873635284,11.25000000000001
Seville,0.5,1100.0,5.0,580.9920205102519,1484951.6229817104,490.33405491957234,90.65796559067958,14.4166666666667
Seville,0.625,1375.0,5.0,580.9920205102519,1632439.528727138,537.1303580652457,43.861662445006246,17.583333333333353
Seville,0.75,1650.0,5.0,580.9920205102519,1779927.4344725653,583.9266612109188,-2.934640700666918,22.83333333333328
Seville,0.875,1925.0,5.0,580.9920205102519,1927415.340217993,630.7229643565921,-49.730943846340196,inf
Seville,1.0,2200.0,5.0,580.9920205102519,2074903.2459634205,677.5192675022654,-96.52724699201347,inf
Seville,0.25,550.0,6.0,704.9933399376497,1189975.8114908552,396.73956374152584,308.25377619612385,6.416666666666661
Seville,0.375,825.0,6.0,704.9933399376497,1337463.7172362828,443.5358668871992,261.4574730504505,8.24999999999999
Seville,0.5,1100.0,6.0,704.9933399376497,1484951.6229817104,490.33217003287245,214.66116990477724,9.666666666666666
Seville,0.625,1375.0,6.0,704.9933399376497,1632439.528727138,537.1284731785458,167.8648667591039,11.333333333333345
Seville,0.75,1650.0,6.0,704.9933399376497,1779927.4344725653,583.924776324219,121.06856361343074,13.333333333333359
Seville,0.875,1925.0,6.0,704.9933399376497,1927415.340217993,630.7210794698923,74.27226046775746,16.416666666666703
Seville,1.0,2200.0,6.0,704.9933399376497,2074903.2459634205,677.5173826155656,27.47595732208418,19.583333333333325
London,0.25,550.0,2.0,151.66241032477947,1189975.8114908552,394.37246665215235,-242.71005632737285,inf
London,0.375,825.0,2.0,151.66241032477947,1337463.7172362828,441.1687697978257,-289.5063594730462,inf
London,0.5,1100.0,2.0,151.66241032477947,1484951.6229817104,487.96507294349897,-336.30266261871947,inf
London,0.625,1375.0,2.0,151.66241032477947,1632439.528727138,534.7613760891722,-383.09896576439286,inf
London,0.75,1650.0,2.0,151.66241032477947,1779927.4344725653,581.5576792348454,-429.895268910066,inf
London,0.875,1925.0,2.0,151.66241032477947,1927415.340217993,628.3539823805187,-476.6915720557393,inf
London,1.0,2200.0,2.0,151.66241032477947,2074903.2459634205,675.150285526192,-523.4878752014125,inf
London,0.25,550.0,3.0,240.32593835641572,1189975.8114908552,394.29219105527665,-153.96625269886093,inf
London,0.375,825.0,3.0,240.32593835641572,1337463.7172362828,441.08849420095,-200.76255584453426,inf
London,0.5,1100.0,3.0,240.32593835641572,1484951.6229817104,487.88479734662326,-247.55885899020754,inf
London,0.625,1375.0,3.0,240.32593835641572,1632439.528727138,534.6811004922967,-294.3551621358809,inf
London,0.75,1650.0,3.0,240.32593835641572,1779927.4344725653,581.4774036379698,-341.15146528155407,inf
London,0.875,1925.0,3.0,240.32593835641572,1927415.340217993,628.2737067836431,-387.94776842722735,inf
London,1.0,2200.0,3.0,240.32593835641572,2074903.2459634205,675.0700099293164,-434.7440715729006,inf
London,0.25,550.0,4.0,329.1509226380947,1189975.8114908552,394.2876269743882,-65.13670433629352,inf
London,0.375,825.0,4.0,329.1509226380947,1337463.7172362828,441.08393012006155,-111.93300748196685,inf
London,0.5,1100.0,4.0,329.1509226380947,1484951.6229817104,487.88023326573483,-158.72931062764013,inf
London,0.625,1375.0,4.0,329.1509226380947,1632439.528727138,534.6765364114082,-205.52561377331347,inf
London,0.75,1650.0,4.0,329.1509226380947,1779927.4344725653,581.4728395570813,-252.32191691898663,inf
London,0.875,1925.0,4.0,329.1509226380947,1927415.340217993,628.2691427027546,-299.1182200646599,inf
London,1.0,2200.0,4.0,329.1509226380947,2074903.2459634205,675.0654458484279,-345.9145232103332,inf
London,0.25,550.0,5.0,418.0181951634212,1189975.8114908552,394.28627563556455,23.73191952785665,17.83333333333335
London,0.375,825.0,5.0,418.0181951634212,1337463.7172362828,441.0825787812379,-23.064383617816684,inf
London,0.5,1100.0,5.0,418.0181951634212,1484951.6229817104,487.87888192691116,-69.86068676348997,inf
London,0.625,1375.0,5.0,418.0181951634212,1632439.528727138,534.6751850725844,-116.6569899091633,inf
London,0.75,1650.0,5.0,418.0181951634212,1779927.4344725653,581.4714882182576,-163.45329305483645,inf
London,0.875,1925.0,5.0,418.0181951634212,1927415.340217993,628.2677913639309,-210.24959620050973,inf
London,1.0,2200.0,5.0,418.0181951634212,2074903.2459634205,675.0640945096042,-257.04589934618303,inf
London,0.25,550.0,6.0,506.91380870063233,1189975.8114908552,394.27993870108287,112.63386999954947,11.916666666666682
London,0.375,825.0,6.0,506.91380870063233,1337463.7172362828,441.0762418467562,65.83756685387614,15.000000000000037
London,0.5,1100.0,6.0,506.91380870063233,1484951.6229817104,487.8725449924295,19.041263708202866,19.999999999999986
London,0.625,1375.0,6.0,506.91380870063233,1632439.528727138,534.6688481381028,-27.75503943747047,inf
London,0.75,1650.0,6.0,506.91380870063233,1779927.4344725653,581.465151283776,-74.55134258314364,inf
London,0.875,1925.0,6.0,506.91380870063233,1927415.340217993,628.2614544294493,-121.34764572881691,inf
London,1.0,2200.0,6.0,506.91380870063233,2074903.2459634205,675.0577575751225,-168.14394887449018,inf
Gothenburg,0.25,550.0,2.0,149.3149496069307,1189975.8114908552,394.3057504098859,-244.99080080295522,inf
Gothenburg,0.375,825.0,2.0,149.3149496069307,1337463.7172362828,441.1020535555592,-291.7871039486285,inf
Gothenburg,0.5,1100.0,2.0,149.3149496069307,1484951.6229817104,487.8983567012325,-338.5834070943018,inf
Gothenburg,0.625,1375.0,2.0,149.3149496069307,1632439.528727138,534.6946598469059,-385.37971023997517,inf
Gothenburg,0.75,1650.0,2.0,149.3149496069307,1779927.4344725653,581.4909629925791,-432.17601338564833,inf
Gothenburg,0.875,1925.0,2.0,149.3149496069307,1927415.340217993,628.2872661382523,-478.9723165313216,inf
Gothenburg,1.0,2200.0,2.0,149.3149496069307,2074903.2459634205,675.0835692839256,-525.768619676995,inf
Gothenburg,0.25,550.0,3.0,237.94670051739843,1189975.8114908552,394.1384140450522,-156.19171352765375,inf
Gothenburg,0.375,825.0,3.0,237.94670051739843,1337463.7172362828,440.9347171907255,-202.98801667332708,inf
Gothenburg,0.5,1100.0,3.0,237.94670051739843,1484951.6229817104,487.7310203363988,-249.78431981900036,inf
Gothenburg,0.625,1375.0,3.0,237.94670051739843,1632439.528727138,534.5273234820721,-296.5806229646737,inf
Gothenburg,0.75,1650.0,3.0,237.94670051739843,1779927.4344725653,581.3236266277453,-343.37692611034686,inf
Gothenburg,0.875,1925.0,3.0,237.94670051739843,1927415.340217993,628.1199297734186,-390.17322925602014,inf
Gothenburg,1.0,2200.0,3.0,237.94670051739843,2074903.2459634205,674.9162329190918,-436.9695324016934,inf
Gothenburg,0.25,550.0,4.0,326.6598035779592,1189975.8114908552,394.13598583710797,-67.47618225914874,inf
Gothenburg,0.375,825.0,4.0,326.6598035779592,1337463.7172362828,440.9322889827813,-114.27248540482208,inf
Gothenburg,0.5,1100.0,4.0,326.6598035779592,1484951.6229817104,487.7285921284546,-161.06878855049536,inf
Gothenburg,0.625,1375.0,4.0,326.6598035779592,1632439.528727138,534.524895274128,-207.8650916961687,inf
Gothenburg,0.75,1650.0,4.0,326.6598035779592,1779927.4344725653,581.3211984198011,-254.66139484184185,inf
Gothenburg,0.875,1925.0,4.0,326.6598035779592,1927415.340217993,628.1175015654744,-301.45769798751513,inf
Gothenburg,1.0,2200.0,4.0,326.6598035779592,2074903.2459634205,674.9138047111477,-348.2540011331884,inf
Gothenburg,0.25,550.0,5.0,415.4009362148073,1189975.8114908552,394.13603079796763,21.26490541683965,19.0
Gothenburg,0.375,825.0,5.0,415.4009362148073,1337463.7172362828,440.93233394364097,-25.531397728833685,inf
Gothenburg,0.5,1100.0,5.0,415.4009362148073,1484951.6229817104,487.72863708931425,-72.32770087450696,inf
Gothenburg,0.625,1375.0,5.0,415.4009362148073,1632439.528727138,534.5249402349876,-119.1240040201803,inf
Gothenburg,0.75,1650.0,5.0,415.4009362148073,1779927.4344725653,581.3212433806608,-165.92030716585347,inf
Gothenburg,0.875,1925.0,5.0,415.4009362148073,1927415.340217993,628.1175465263341,-212.71661031152675,inf
Gothenburg,1.0,2200.0,5.0,415.4009362148073,2074903.2459634205,674.9138496720074,-259.5129134572,inf
Gothenburg,0.25,550.0,6.0,504.1632579155627,1189975.8114908552,394.1356409183783,110.02761699718444,12.000000000000016
Gothenburg,0.375,825.0,6.0,504.1632579155627,1337463.7172362828,440.9319440640516,63.2313138515111,15.083333333333371
Gothenburg,0.5,1100.0,6.0,504.1632579155627,1484951.6229817104,487.7282472097249,16.435010705837822,20.16666666666665
Gothenburg,0.625,1375.0,6.0,504.1632579155627,1632439.528727138,534.5245503553982,-30.361292439835513,inf
Gothenburg,0.75,1650.0,6.0,504.1632579155627,1779927.4344725653,581.3208535010714,-77.15759558550867,inf
Gothenburg,0.875,1925.0,6.0,504.1632579155627,1927415.340217993,628.1171566467447,-123.95389873118195,inf
Gothenburg,1.0,2200.0,6.0,504.1632579155627,2074903.2459634205,674.9134597924179,-170.75020187685524,inf
