site,pv_kwp,battery_kwh,price_EUR_per_kg,operating_EUR_per_day,capital_EUR_per_day,first_pack_EUR_per_day,replacement_EUR_per_day,net_EUR_per_day,capex_EUR,capex_pv_EUR,capex_process_EUR,efc_per_day,dod_stress,battery_life_years,seasons,season_min,season_max,cash_EUR_per_day,payback_years
Seville,300.0,500.0,2.0,102.41804104112441,497.6209684279735,480.6622697377778,16.958698690195668,-395.20292738684907,1514903.2459634205,210000.0,1179903.2459634205,0.060623410583719915,2.2825412076768723,11.98784353606459,1,102.41804104112441,102.41804104112441,-20.381517787241933,inf
Seville,300.0,500.0,3.0,158.14633909976655,497.61463899141154,480.6622697377778,16.952369253633695,-339.46829989164496,1514903.2459634205,210000.0,1179903.2459634205,0.05888127813690315,2.213217727824352,12.058708125776882,1,158.14633909976655,158.14633909976655,35.29755280561332,inf
Seville,300.0,500.0,4.0,214.07347873999873,497.5940731649975,480.6622697377778,16.931803427219698,-283.52059442499876,1514903.2459634205,210000.0,1179903.2459634205,0.058733109170412454,1.8396516837876853,12.25896602183901,1,214.07347873999873,214.07347873999873,91.22050563287277,inf
Seville,300.0,500.0,5.0,270.048734591252,492.499632696132,480.6622697377778,11.837362958354175,-222.45089810487997,1514903.2459634205,210000.0,1179903.2459634205,0.05846030839826084,1.2617425031853526,12.580645149046683,1,270.048734591252,270.048734591252,147.18805294812907,inf
Seville,300.0,500.0,6.0,326.0412032657618,492.49965315566914,480.6622697377778,11.837383417891331,-166.45844988990734,1514903.2459634205,210000.0,1179903.2459634205,0.05847623249790903,1.26113937437892,12.58079127474468,1,326.0412032657618,326.0412032657618,203.1809715901899,inf
Seville,700.0,500.0,2.0,216.76949507519856,586.1146716773281,569.5032144550007,16.611457222327417,-369.3451766021296,1794903.2459634205,490000.0,1179903.2459634205,0.5874887786657546,1.0590394532609038,8.861406252734513,1,216.76949507519856,216.76949507519856,85.84388116465854,inf
Seville,700.0,500.0,3.0,341.25940170920586,586.0601176802124,569.5032144550007,16.5569032252117,-244.80071597100655,1794903.2459634205,490000.0,1179903.2459634205,0.6318678649796274,1.034837820844157,8.71249027320025,1,341.25940170920586,341.25940170920586,211.58780838542486,inf
Seville,700.0,500.0,4.0,466.86340420342583,586.052977505528,569.5032144550007,16.549763050527332,-119.18957330210222,1794903.2459634205,490000.0,1179903.2459634205,0.6533577868101459,1.0070043036402785,8.693813273092701,1,466.86340420342583,466.86340420342583,337.7990519614624,inf
Seville,700.0,500.0,5.0,592.1696458110048,585.9593711176714,569.5032144550007,16.45615666267062,6.210274693333449,1794903.2459634205,490000.0,1179903.2459634205,0.6608996757119769,1.0733347091191865,8.463592789087217,1,592.1696458110048,592.1696458110048,463.3184048503115,21.416666666666632
Seville,700.0,500.0,6.0,717.7299281957253,585.9441447691134,569.5032144550007,16.44093031411275,131.7857834266118,1794903.2459634205,490000.0,1179903.2459634205,0.667688837924964,1.0745582827074234,8.428425185791296,1,717.7299281957253,717.7299281957253,589.0705287056228,13.166666666666691
Seville,1100.0,500.0,2.0,244.826585168142,677.6675507769554,658.3441591722237,19.323391604731714,-432.84096560881346,2074903.2459634205,770000.0,1179903.2459634205,0.7957075410719283,1.3972054223221624,7.011025531243857,1,244.826585168142,244.826585168142,96.77091369118833,inf
Seville,1100.0,500.0,3.0,386.0945491361752,677.5088642381886,658.3441591722237,19.16470506596485,-291.41431510201335,2074903.2459634205,770000.0,1179903.2459634205,0.8347069580215166,1.4449503113265982,6.739829926005343,1,386.0945491361752,386.0945491361752,239.14088483847016,inf
Seville,1100.0,500.0,4.0,527.5911485053869,677.5061070348793,658.3441591722237,19.161947862655573,-149.91495852949245,2074903.2459634205,770000.0,1179903.2459634205,0.8349174544439076,1.4464779587065726,6.7354676823069575,1,527.5911485053869,527.5911485053869,380.6434322086219,inf
Seville,1100.0,500.0,5.0,669.0747876160242,677.5061070348793,658.3441591722237,19.161947862655573,-8.431319418855104,2074903.2459634205,770000.0,1179903.2459634205,0.8349174544439076,1.4464779587065726,6.7354676823069575,1,669.0747876160242,669.0747876160242,522.1270713192592,23.499999999999936
Seville,1100.0,500.0,6.0,810.5593521073603,677.5059747297349,658.3441591722237,19.161815557511186,133.05337737762537,2074903.2459634205,770000.0,1179903.2459634205,0.8349416795166038,1.446526720497005,6.735258622353087,1,810.5593521073603,810.5593521073603,663.6123203388811,14.250000000000032
Seville,1500.0,500.0,2.0,256.6743432389892,766.5513075494305,747.1851038894467,19.366203659983753,-509.8769643104413,2354903.2459634207,1050000.0,1179903.2459634205,0.8163748749941971,1.3289301908950533,7.092279021578586,1,256.6743432389892,256.6743432389892,86.18897033338769,inf
Seville,1500.0,500.0,3.0,403.92190417277624,766.4843337304646,747.1851038894467,19.299229841017954,-362.56242955768846,2354903.2459634207,1050000.0,1179903.2459634205,0.8289865551182537,1.3590406099288377,6.966872018027845,1,403.92190417277624,403.92190417277624,233.79289972409455,inf
Seville,1500.0,500.0,4.0,551.3831901595087,766.4843265678538,747.1851038894467,19.299222678407112,-215.10113640834518,2354903.2459634207,1050000.0,1179903.2459634205,0.8290977178859441,1.3588636710472568,6.966859099776469,1,551.3831901595087,551.3831901595087,381.25732683901913,inf
Seville,1500.0,500.0,5.0,698.8396542057787,766.4843265678538,747.1851038894467,19.299222678407112,-67.64467236207511,2354903.2459634207,1050000.0,1179903.2459634205,0.8290977178859441,1.3588636710472555,6.966859099776472,1,698.8396542057787,698.8396542057787,528.7137908852892,inf
Seville,1500.0,500.0,6.0,846.3013012566286,766.4843158851185,747.1851038894467,19.29921199567178,79.81698537151004,2354903.2459634207,1050000.0,1179903.2459634205,0.8291507945612553,1.358784555486883,6.966839832927245,1,846.3013012566286,846.3013012566286,676.1769377246441,17.00000000000003
Seville,1900.0,500.0,2.0,265.8509736047473,855.4077639674795,836.0260486066697,19.381715360809775,-589.5567903627322,2634903.2459634207,1330000.0,1179903.2459634205,0.799086589246979,1.3452722062569844,7.122752518403259,1,265.8509736047473,265.8509736047473,71.86338668851062,inf
Seville,1900.0,500.0,3.0,417.3972284010455,855.4016639083806,836.0260486066697,19.37561530171077,-438.004435507335,2634903.2459634207,1330000.0,1179903.2459634205,0.8033041987965899,1.3430789325891574,7.110699468059336,1,417.3972284010455,417.3972284010455,223.5288185486338,inf
Seville,1900.0,500.0,4.0,569.1917031144972,855.2904250640364,836.0260486066697,19.264376457366616,-286.0987219495392,2634903.2459634207,1330000.0,1179903.2459634205,0.8344137277708675,1.3754782445010811,6.905147090484464,1,569.1917031144972,569.1917031144972,376.20235574440443,inf
Seville,1900.0,500.0,5.0,721.1198467655511,855.2904943673904,836.0260486066697,19.264445760720555,-134.17064760183922,2634903.2459634207,1330000.0,1179903.2459634205,0.8344700618681957,1.3753355837798198,6.90526764077411,1,721.1198467655511,721.1198467655511,528.1320912289921,inf
Seville,1900.0,500.0,6.0,873.0481627741294,855.2905897392052,836.0260486066697,19.26454113253549,17.757573034924185,2634903.2459634207,1330000.0,1179903.2459634205,0.8344645451988019,1.3752761353546212,6.905433549869113,1,873.0481627741294,873.0481627741294,680.0602513529507,21.3333333333333
